tourney,surface,player,wins,prob_win
Adelaide,Hard,Jannik Sinner,235,0.1175
Adelaide,Hard,Grigor Dimitrov,46,0.023
Adelaide,Hard,Alexander Zverev,45,0.0225
Adelaide,Hard,Ugo Humbert,41,0.0205
Adelaide,Hard,Carlos Alcaraz,41,0.0205
Adelaide,Hard,Alexei Popyrin,33,0.0165
Adelaide,Hard,Daniil Medvedev,30,0.015
Adelaide,Hard,Arthur Fils,30,0.015
Adelaide,Hard,Jordan Thompson,29,0.0145
Adelaide,Hard,Karen Khachanov,28,0.014
Adelaide,Hard,Alex De Minaur,28,0.014
Adelaide,Hard,Holger Rune,27,0.0135
Adelaide,Hard,David Goffin,26,0.013
Adelaide,Hard,Flavio Cobolli,24,0.012
Adelaide,Hard,Jack Draper,21,0.0105
Adelaide,Hard,Alex Michelsen,21,0.0105
Adelaide,Hard,Jiri Lehecka,21,0.0105
Adelaide,Hard,Jerome Kym,20,0.01
Adelaide,Hard,Frances Tiafoe,20,0.01
Adelaide,Hard,Ben Shelton,20,0.01
Adelaide,Hard,Altug Celikbilek,19,0.0095
Adelaide,Hard,Andrey Rublev,19,0.0095
Adelaide,Hard,Bu Yunchaokete,19,0.0095
Adelaide,Hard,Taylor Fritz,19,0.0095
Adelaide,Hard,Alexander Bublik,18,0.009
Adelaide,Hard,Jakub Mensik,18,0.009
Adelaide,Hard,Learner Tien,18,0.009
Adelaide,Hard,Gabriel Diallo,18,0.009
Adelaide,Hard,Jack Loutit,17,0.0085
Adelaide,Hard,Emil Ruusuvuori,17,0.0085
Adelaide,Hard,Denis Shapovalov,17,0.0085
Adelaide,Hard,Ricardas Berankis,17,0.0085
Adelaide,Hard,Pablo Llamas Ruiz,16,0.008
Adelaide,Hard,Alejandro Davidovich Fokina,16,0.008
Adelaide,Hard,Casper Ruud,16,0.008
Adelaide,Hard,Hubert Hurkacz,16,0.008
Adelaide,Hard,Niki Kaliyanda Poonacha,16,0.008
Adelaide,Hard,Elmer Moller,16,0.008
Adelaide,Hard,Lukas Neumayer,15,0.0075
Adelaide,Hard,Tomas Machac,15,0.0075
Adelaide,Hard,Gonzalo Escobar,15,0.0075
Adelaide,Hard,Fitriadi M Rifqi,15,0.0075
Adelaide,Hard,Gael Monfils,15,0.0075
Adelaide,Hard,Lucas Miedler,15,0.0075
Adelaide,Hard,Cameron Norrie,15,0.0075
Adelaide,Hard,Juncheng Shang,15,0.0075
Adelaide,Hard,Aleksandre Bakshi,15,0.0075
Adelaide,Hard,Paul Jubb,14,0.007
Adelaide,Hard,Marco Trungelliti,14,0.007
Adelaide,Hard,Kei Nishikori,14,0.007
Adelaide,Hard,Martin Damm,14,0.007
Adelaide,Hard,Martyn Pawelski,14,0.007
Adelaide,Hard,Michael Mmoh,14,0.007
Adelaide,Hard,Alibek Kachmazov,13,0.0065
Adelaide,Hard,Chris Rodesch,13,0.0065
Adelaide,Hard,Zizou Bergs,13,0.0065
Adelaide,Hard,Remy Bertola,13,0.0065
Adelaide,Hard,Nicolai Budkov Kjaer,13,0.0065
Adelaide,Hard,Thiago Agustin Tirante,13,0.0065
Adelaide,Hard,Joao Fonseca,13,0.0065
Adelaide,Hard,Yanaki Milev,13,0.0065
Adelaide,Hard,Thomas Yaka Kofi Setodji,13,0.0065
Adelaide,Hard,Viktor Durasovic,13,0.0065
Adelaide,Hard,Coleman Wong,13,0.0065
Adelaide,Hard,Alex Knaff,13,0.0065
Adelaide,Hard,Lukas Pokorny,12,0.006
Adelaide,Hard,Beibit Zhukayev,12,0.006
Adelaide,Hard,Juan Carlos Prado Angelo,12,0.006
Adelaide,Hard,Cezar Cretu,12,0.006
Adelaide,Hard,Henrique Rocha,12,0.006
Adelaide,Hard,Demetris Azoides,12,0.006
Adelaide,Hard,Roberto Bautista Agut,12,0.006
Adelaide,Hard,Mohamed Safwat,11,0.0055
Adelaide,Hard,Novak Djokovic,11,0.0055
Adelaide,Hard,Boris Arias,11,0.0055
Adelaide,Hard,Nuno Borges,11,0.0055
Adelaide,Hard,Felix Auger Aliassime,11,0.0055
Adelaide,Hard,Blaise Bicknell,11,0.0055
Adelaide,Hard,Marcelo Arevalo,11,0.0055
Adelaide,Hard,Vasek Pospisil,11,0.0055
Adelaide,Hard,Timofey Skatov,11,0.0055
Adelaide,Hard,Benedict Badza,11,0.0055
Adelaide,Hard,Tallon Griekspoor,10,0.005
Adelaide,Hard,Ioannis Xilas,10,0.005
Adelaide,Hard,Romain Arneodo,10,0.005
Adelaide,Hard,Alex Molcan,10,0.005
Adelaide,Hard,Billy Harris,10,0.005
Adelaide,Hard,Gabi Adrian Boitan,10,0.005
Adelaide,Hard,Andres Andrade,10,0.005
Adelaide,Hard,Tommy Paul,10,0.005
Adelaide,Hard,Gijs Brouwer,10,0.005
Adelaide,Hard,Iliyan Radulov,10,0.005
Adelaide,Hard,Franco Roncadelli,10,0.005
Adelaide,Hard,Milos Raonic,9,0.0045
Adelaide,Hard,Dusan Lajovic,9,0.0045
Adelaide,Hard,Darian King,9,0.0045
Adelaide,Hard,Hamad Medjedovic,9,0.0045
Adelaide,Hard,Sebastian Korda,9,0.0045
Adelaide,Hard,Hong Kit Jack Wong,9,0.0045
Adelaide,Hard,Quentin Halys,8,0.004
Adelaide,Hard,Roberto Carballes Baena,8,0.004
Adelaide,Hard,Nam Hoang Ly,8,0.004
Adelaide,Hard,Thiago Monteiro,8,0.004
Adelaide,Hard,Pablo Carreno Busta,8,0.004
Adelaide,Hard,Diego Duran,7,0.0035
Adelaide,Hard,Nerman Fatic,7,0.0035
Adelaide,Hard,Marcos Giron,7,0.0035
Adelaide,Hard,Stylianos Christodoulou,7,0.0035
Adelaide,Hard,Oliver Ojakaar,7,0.0035
Adelaide,Hard,Matej Dodig,7,0.0035
Adelaide,Hard,Brandon Nakashima,7,0.0035
Adelaide,Hard,Alejandro Tabilo,7,0.0035
Adelaide,Hard,Yoshihito Nishioka,7,0.0035
Adelaide,Hard,Matteo Berrettini,7,0.0035
Adelaide,Hard,Francisco Cerundolo,7,0.0035
Adelaide,Hard,Matteo Arnaldi,6,0.003
Adelaide,Hard,Liova Ayite Ajavon,6,0.003
Adelaide,Hard,Zsombor Piros,6,0.003
Adelaide,Hard,Rafael Nadal,5,0.0025
Adelaide,Hard,Facundo Bagnis,5,0.0025
Adelaide,Hard,Giovanni Mpetshi Perricard,5,0.0025
Adelaide,Hard,Tomas Martin Etcheverry,5,0.0025
Adelaide,Hard,Stefanos Tsitsipas,5,0.0025
Adelaide,Hard,Hugo Nys,4,0.002
Adelaide,Hard,Reilly Opelka,3,0.0015
Adelaide,Hard,Jan Lennard Struff,2,0.001
Auckland,Hard,Jannik Sinner,244,0.122
Auckland,Hard,Grigor Dimitrov,48,0.024
Auckland,Hard,Alexander Zverev,44,0.022
Auckland,Hard,Carlos Alcaraz,41,0.0205
Auckland,Hard,Ugo Humbert,39,0.0195
Auckland,Hard,Alexei Popyrin,35,0.0175
Auckland,Hard,Andrey Rublev,31,0.0155
Auckland,Hard,Daniil Medvedev,28,0.014
Auckland,Hard,Karen Khachanov,26,0.013
Auckland,Hard,Taylor Fritz,25,0.0125
Auckland,Hard,Holger Rune,24,0.012
Auckland,Hard,Alex Michelsen,22,0.011
Auckland,Hard,Jack Draper,21,0.0105
Auckland,Hard,Jordan Thompson,20,0.01
Auckland,Hard,Jack Loutit,20,0.01
Auckland,Hard,Alex De Minaur,20,0.01
Auckland,Hard,Fitriadi M Rifqi,20,0.01
Auckland,Hard,Ricardas Berankis,20,0.01
Auckland,Hard,Nicolai Budkov Kjaer,19,0.0095
Auckland,Hard,Alejandro Davidovich Fokina,19,0.0095
Auckland,Hard,Bu Yunchaokete,19,0.0095
Auckland,Hard,Alexander Bublik,18,0.009
Auckland,Hard,Niki Kaliyanda Poonacha,18,0.009
Auckland,Hard,Emil Ruusuvuori,18,0.009
Auckland,Hard,Ben Shelton,18,0.009
Auckland,Hard,Cameron Norrie,18,0.009
Auckland,Hard,Sebastian Korda,17,0.0085
Auckland,Hard,Joao Fonseca,17,0.0085
Auckland,Hard,Beibit Zhukayev,17,0.0085
Auckland,Hard,David Goffin,17,0.0085
Auckland,Hard,Cezar Cretu,16,0.008
Auckland,Hard,Thomas Yaka Kofi Setodji,16,0.008
Auckland,Hard,Darian King,16,0.008
Auckland,Hard,Jakub Mensik,16,0.008
Auckland,Hard,Gael Monfils,16,0.008
Auckland,Hard,Alibek Kachmazov,16,0.008
Auckland,Hard,Andres Andrade,16,0.008
Auckland,Hard,Demetris Azoides,15,0.0075
Auckland,Hard,Tomas Machac,15,0.0075
Auckland,Hard,Hugo Nys,15,0.0075
Auckland,Hard,Alex Molcan,15,0.0075
Auckland,Hard,Henrique Rocha,15,0.0075
Auckland,Hard,Gabriel Diallo,15,0.0075
Auckland,Hard,Gabi Adrian Boitan,15,0.0075
Auckland,Hard,Martyn Pawelski,14,0.007
Auckland,Hard,Jiri Lehecka,14,0.007
Auckland,Hard,Hong Kit Jack Wong,14,0.007
Auckland,Hard,Alex Knaff,14,0.007
Auckland,Hard,Gonzalo Escobar,14,0.007
Auckland,Hard,Ioannis Xilas,14,0.007
Auckland,Hard,Jerome Kym,14,0.007
Auckland,Hard,Blaise Bicknell,14,0.007
Auckland,Hard,Juan Carlos Prado Angelo,14,0.007
Auckland,Hard,Juncheng Shang,14,0.007
Auckland,Hard,Altug Celikbilek,14,0.007
Auckland,Hard,Kei Nishikori,13,0.0065
Auckland,Hard,Stefanos Tsitsipas,13,0.0065
Auckland,Hard,Michael Mmoh,13,0.0065
Auckland,Hard,Frances Tiafoe,13,0.0065
Auckland,Hard,Iliyan Radulov,13,0.0065
Auckland,Hard,Marcelo Arevalo,13,0.0065
Auckland,Hard,Zizou Bergs,13,0.0065
Auckland,Hard,Lukas Pokorny,13,0.0065
Auckland,Hard,Benedict Badza,13,0.0065
Auckland,Hard,Arthur Fils,13,0.0065
Auckland,Hard,Hubert Hurkacz,13,0.0065
Auckland,Hard,Yanaki Milev,12,0.006
Auckland,Hard,Pablo Carreno Busta,12,0.006
Auckland,Hard,Casper Ruud,12,0.006
Auckland,Hard,Tallon Griekspoor,12,0.006
Auckland,Hard,Stylianos Christodoulou,12,0.006
Auckland,Hard,Flavio Cobolli,12,0.006
Auckland,Hard,Liova Ayite Ajavon,12,0.006
Auckland,Hard,Tommy Paul,12,0.006
Auckland,Hard,Nam Hoang Ly,12,0.006
Auckland,Hard,Hamad Medjedovic,12,0.006
Auckland,Hard,Gijs Brouwer,12,0.006
Auckland,Hard,Tomas Martin Etcheverry,11,0.0055
Auckland,Hard,Novak Djokovic,11,0.0055
Auckland,Hard,Aleksandre Bakshi,11,0.0055
Auckland,Hard,Milos Raonic,11,0.0055
Auckland,Hard,Romain Arneodo,11,0.0055
Auckland,Hard,Learner Tien,11,0.0055
Auckland,Hard,Chris Rodesch,11,0.0055
Auckland,Hard,Mohamed Safwat,11,0.0055
Auckland,Hard,Paul Jubb,11,0.0055
Auckland,Hard,Diego Duran,11,0.0055
Auckland,Hard,Coleman Wong,11,0.0055
Auckland,Hard,Nerman Fatic,11,0.0055
Auckland,Hard,Rafael Nadal,11,0.0055
Auckland,Hard,Viktor Durasovic,10,0.005
Auckland,Hard,Oliver Ojakaar,10,0.005
Auckland,Hard,Matteo Arnaldi,10,0.005
Auckland,Hard,Lucas Miedler,10,0.005
Auckland,Hard,Matej Dodig,10,0.005
Auckland,Hard,Denis Shapovalov,10,0.005
Auckland,Hard,Thiago Monteiro,10,0.005
Auckland,Hard,Vasek Pospisil,9,0.0045
Auckland,Hard,Thiago Agustin Tirante,9,0.0045
Auckland,Hard,Quentin Halys,9,0.0045
Auckland,Hard,Billy Harris,9,0.0045
Auckland,Hard,Nuno Borges,9,0.0045
Auckland,Hard,Remy Bertola,9,0.0045
Auckland,Hard,Yoshihito Nishioka,8,0.004
Auckland,Hard,Roberto Carballes Baena,8,0.004
Auckland,Hard,Boris Arias,8,0.004
Auckland,Hard,Elmer Moller,7,0.0035
Auckland,Hard,Dusan Lajovic,7,0.0035
Auckland,Hard,Zsombor Piros,7,0.0035
Auckland,Hard,Facundo Bagnis,7,0.0035
Auckland,Hard,Matteo Berrettini,7,0.0035
Auckland,Hard,Franco Roncadelli,6,0.003
Auckland,Hard,Francisco Cerundolo,6,0.003
Auckland,Hard,Martin Damm,6,0.003
Auckland,Hard,Marco Trungelliti,6,0.003
Auckland,Hard,Giovanni Mpetshi Perricard,6,0.003
Auckland,Hard,Brandon Nakashima,6,0.003
Auckland,Hard,Marcos Giron,6,0.003
Auckland,Hard,Timofey Skatov,6,0.003
Auckland,Hard,Reilly Opelka,6,0.003
Auckland,Hard,Felix Auger Aliassime,6,0.003
Auckland,Hard,Pablo Llamas Ruiz,5,0.0025
Auckland,Hard,Lorenzo Musetti,5,0.0025
Auckland,Hard,Alejandro Tabilo,5,0.0025
Auckland,Hard,Sebastian Baez,3,0.0015
Auckland,Hard,Lukas Neumayer,3,0.0015
Auckland,Hard,Roberto Bautista Agut,3,0.0015
Auckland,Hard,Jan Lennard Struff,1,0.0005
Australian Open,Hard,Jannik Sinner,259,0.1295
Australian Open,Hard,Grigor Dimitrov,50,0.025
Australian Open,Hard,Alexander Zverev,41,0.0205
Australian Open,Hard,Carlos Alcaraz,40,0.02
Australian Open,Hard,Alexei Popyrin,37,0.0185
Australian Open,Hard,Ugo Humbert,33,0.0165
Australian Open,Hard,Holger Rune,29,0.0145
Australian Open,Hard,Frances Tiafoe,28,0.014
Australian Open,Hard,Daniil Medvedev,27,0.0135
Australian Open,Hard,Alex De Minaur,27,0.0135
Australian Open,Hard,Andrey Rublev,26,0.013
Australian Open,Hard,Taylor Fritz,25,0.0125
Australian Open,Hard,Jack Draper,24,0.012
Australian Open,Hard,Jordan Thompson,24,0.012
Australian Open,Hard,Casper Ruud,23,0.0115
Australian Open,Hard,Remy Bertola,22,0.011
Australian Open,Hard,David Goffin,20,0.01
Australian Open,Hard,Emil Ruusuvuori,20,0.01
Australian Open,Hard,Alex Michelsen,20,0.01
Australian Open,Hard,Paul Jubb,19,0.0095
Australian Open,Hard,Ben Shelton,19,0.0095
Australian Open,Hard,Ricardas Berankis,19,0.0095
Australian Open,Hard,Alejandro Davidovich Fokina,19,0.0095
Australian Open,Hard,Jakub Mensik,18,0.009
Australian Open,Hard,Alexander Bublik,18,0.009
Australian Open,Hard,Boris Arias,17,0.0085
Australian Open,Hard,Kei Nishikori,17,0.0085
Australian Open,Hard,Nerman Fatic,17,0.0085
Australian Open,Hard,Nicolai Budkov Kjaer,16,0.008
Australian Open,Hard,Zizou Bergs,16,0.008
Australian Open,Hard,Blaise Bicknell,16,0.008
Australian Open,Hard,Karen Khachanov,16,0.008
Australian Open,Hard,Tomas Machac,16,0.008
Australian Open,Hard,Thomas Yaka Kofi Setodji,16,0.008
Australian Open,Hard,Iliyan Radulov,15,0.0075
Australian Open,Hard,Milos Raonic,15,0.0075
Australian Open,Hard,Pablo Llamas Ruiz,15,0.0075
Australian Open,Hard,Gael Monfils,15,0.0075
Australian Open,Hard,Elmer Moller,15,0.0075
Australian Open,Hard,Sebastian Korda,15,0.0075
Australian Open,Hard,Arthur Fils,14,0.007
Australian Open,Hard,Jerome Kym,14,0.007
Australian Open,Hard,Bu Yunchaokete,14,0.007
Australian Open,Hard,Rafael Nadal,14,0.007
Australian Open,Hard,Darian King,14,0.007
Australian Open,Hard,Learner Tien,14,0.007
Australian Open,Hard,Pablo Carreno Busta,14,0.007
Australian Open,Hard,Joao Fonseca,14,0.007
Australian Open,Hard,Fitriadi M Rifqi,14,0.007
Australian Open,Hard,Hong Kit Jack Wong,13,0.0065
Australian Open,Hard,Novak Djokovic,13,0.0065
Australian Open,Hard,Altug Celikbilek,13,0.0065
Australian Open,Hard,Aleksandre Bakshi,13,0.0065
Australian Open,Hard,Alibek Kachmazov,13,0.0065
Australian Open,Hard,Martin Damm,13,0.0065
Australian Open,Hard,Vasek Pospisil,13,0.0065
Australian Open,Hard,Niki Kaliyanda Poonacha,13,0.0065
Australian Open,Hard,Ioannis Xilas,13,0.0065
Australian Open,Hard,Martyn Pawelski,13,0.0065
Australian Open,Hard,Matej Dodig,13,0.0065
Australian Open,Hard,Marcelo Arevalo,13,0.0065
Australian Open,Hard,Thiago Agustin Tirante,12,0.006
Australian Open,Hard,Flavio Cobolli,12,0.006
Australian Open,Hard,Cameron Norrie,12,0.006
Australian Open,Hard,Nam Hoang Ly,12,0.006
Australian Open,Hard,Lucas Miedler,12,0.006
Australian Open,Hard,Gijs Brouwer,12,0.006
Australian Open,Hard,Beibit Zhukayev,12,0.006
Australian Open,Hard,Stylianos Christodoulou,12,0.006
Australian Open,Hard,Diego Duran,12,0.006
Australian Open,Hard,Gabriel Diallo,12,0.006
Australian Open,Hard,Tommy Paul,12,0.006
Australian Open,Hard,Gabi Adrian Boitan,11,0.0055
Australian Open,Hard,Jack Loutit,11,0.0055
Australian Open,Hard,Gonzalo Escobar,11,0.0055
Australian Open,Hard,Romain Arneodo,11,0.0055
Australian Open,Hard,Viktor Durasovic,11,0.0055
Australian Open,Hard,Benedict Badza,11,0.0055
Australian Open,Hard,Hamad Medjedovic,11,0.0055
Australian Open,Hard,Francisco Cerundolo,11,0.0055
Australian Open,Hard,Coleman Wong,10,0.005
Australian Open,Hard,Marcos Giron,10,0.005
Australian Open,Hard,Cezar Cretu,10,0.005
Australian Open,Hard,Matteo Arnaldi,10,0.005
Australian Open,Hard,Liova Ayite Ajavon,10,0.005
Australian Open,Hard,Michael Mmoh,10,0.005
Australian Open,Hard,Demetris Azoides,10,0.005
Australian Open,Hard,Denis Shapovalov,10,0.005
Australian Open,Hard,Henrique Rocha,10,0.005
Australian Open,Hard,Juncheng Shang,10,0.005
Australian Open,Hard,Quentin Halys,10,0.005
Australian Open,Hard,Felix Auger Aliassime,10,0.005
Australian Open,Hard,Alex Molcan,9,0.0045
Australian Open,Hard,Lukas Neumayer,9,0.0045
Australian Open,Hard,Yanaki Milev,9,0.0045
Australian Open,Hard,Brandon Nakashima,9,0.0045
Australian Open,Hard,Nuno Borges,9,0.0045
Australian Open,Hard,Roberto Bautista Agut,9,0.0045
Australian Open,Hard,Marco Trungelliti,9,0.0045
Australian Open,Hard,Roberto Carballes Baena,9,0.0045
Australian Open,Hard,Oliver Ojakaar,9,0.0045
Australian Open,Hard,Juan Carlos Prado Angelo,9,0.0045
Australian Open,Hard,Franco Roncadelli,8,0.004
Australian Open,Hard,Lukas Pokorny,8,0.004
Australian Open,Hard,Jiri Lehecka,8,0.004
Australian Open,Hard,Andres Andrade,8,0.004
Australian Open,Hard,Chris Rodesch,8,0.004
Australian Open,Hard,Thiago Monteiro,8,0.004
Australian Open,Hard,Tomas Martin Etcheverry,7,0.0035
Australian Open,Hard,Hugo Nys,7,0.0035
Australian Open,Hard,Tallon Griekspoor,7,0.0035
Australian Open,Hard,Giovanni Mpetshi Perricard,7,0.0035
Australian Open,Hard,Stefanos Tsitsipas,7,0.0035
Australian Open,Hard,Alex Knaff,7,0.0035
Australian Open,Hard,Jan Lennard Struff,7,0.0035
Australian Open,Hard,Reilly Opelka,7,0.0035
Australian Open,Hard,Hubert Hurkacz,7,0.0035
Australian Open,Hard,Facundo Bagnis,6,0.003
Australian Open,Hard,Zsombor Piros,6,0.003
Australian Open,Hard,Yoshihito Nishioka,6,0.003
Australian Open,Hard,Dusan Lajovic,6,0.003
Australian Open,Hard,Timofey Skatov,5,0.0025
Australian Open,Hard,Billy Harris,5,0.0025
Australian Open,Hard,Alejandro Tabilo,5,0.0025
Australian Open,Hard,Mohamed Safwat,5,0.0025
Australian Open,Hard,Matteo Berrettini,5,0.0025
Australian Open,Hard,Sebastian Baez,2,0.001
Australian Open,Hard,Lorenzo Musetti,2,0.001
Brisbane,Hard,Jannik Sinner,225,0.1125
Brisbane,Hard,Grigor Dimitrov,47,0.0235
Brisbane,Hard,Ugo Humbert,42,0.021
Brisbane,Hard,Alexei Popyrin,42,0.021
Brisbane,Hard,Alexander Zverev,40,0.02
Brisbane,Hard,Carlos Alcaraz,33,0.0165
Brisbane,Hard,Andrey Rublev,29,0.0145
Brisbane,Hard,Daniil Medvedev,26,0.013
Brisbane,Hard,Joao Fonseca,24,0.012
Brisbane,Hard,Karen Khachanov,24,0.012
Brisbane,Hard,Jack Draper,23,0.0115
Brisbane,Hard,Jordan Thompson,23,0.0115
Brisbane,Hard,Frances Tiafoe,22,0.011
Brisbane,Hard,Alex De Minaur,21,0.0105
Brisbane,Hard,Holger Rune,21,0.0105
Brisbane,Hard,Alejandro Davidovich Fokina,21,0.0105
Brisbane,Hard,Alex Michelsen,20,0.01
Brisbane,Hard,Emil Ruusuvuori,20,0.01
Brisbane,Hard,Henrique Rocha,20,0.01
Brisbane,Hard,Ben Shelton,20,0.01
Brisbane,Hard,Tommy Paul,20,0.01
Brisbane,Hard,Marcelo Arevalo,20,0.01
Brisbane,Hard,Kei Nishikori,20,0.01
Brisbane,Hard,Sebastian Korda,20,0.01
Brisbane,Hard,Flavio Cobolli,19,0.0095
Brisbane,Hard,Bu Yunchaokete,18,0.009
Brisbane,Hard,Niki Kaliyanda Poonacha,18,0.009
Brisbane,Hard,David Goffin,17,0.0085
Brisbane,Hard,Yoshihito Nishioka,17,0.0085
Brisbane,Hard,Arthur Fils,17,0.0085
Brisbane,Hard,Matteo Arnaldi,17,0.0085
Brisbane,Hard,Gael Monfils,17,0.0085
Brisbane,Hard,Nicolai Budkov Kjaer,17,0.0085
Brisbane,Hard,Learner Tien,17,0.0085
Brisbane,Hard,Chris Rodesch,17,0.0085
Brisbane,Hard,Darian King,16,0.008
Brisbane,Hard,Elmer Moller,16,0.008
Brisbane,Hard,Nerman Fatic,16,0.008
Brisbane,Hard,Taylor Fritz,16,0.008
Brisbane,Hard,Cameron Norrie,16,0.008
Brisbane,Hard,Cezar Cretu,16,0.008
Brisbane,Hard,Stylianos Christodoulou,16,0.008
Brisbane,Hard,Gabriel Diallo,15,0.0075
Brisbane,Hard,Jakub Mensik,15,0.0075
Brisbane,Hard,Ricardas Berankis,15,0.0075
Brisbane,Hard,Andres Andrade,15,0.0075
Brisbane,Hard,Novak Djokovic,15,0.0075
Brisbane,Hard,Pablo Carreno Busta,15,0.0075
Brisbane,Hard,Benedict Badza,14,0.007
Brisbane,Hard,Tomas Machac,14,0.007
Brisbane,Hard,Franco Roncadelli,14,0.007
Brisbane,Hard,Beibit Zhukayev,14,0.007
Brisbane,Hard,Iliyan Radulov,14,0.007
Brisbane,Hard,Brandon Nakashima,14,0.007
Brisbane,Hard,Lucas Miedler,13,0.0065
Brisbane,Hard,Gijs Brouwer,13,0.0065
Brisbane,Hard,Paul Jubb,13,0.0065
Brisbane,Hard,Juncheng Shang,13,0.0065
Brisbane,Hard,Juan Carlos Prado Angelo,13,0.0065
Brisbane,Hard,Blaise Bicknell,13,0.0065
Brisbane,Hard,Hugo Nys,13,0.0065
Brisbane,Hard,Gabi Adrian Boitan,13,0.0065
Brisbane,Hard,Aleksandre Bakshi,13,0.0065
Brisbane,Hard,Fitriadi M Rifqi,13,0.0065
Brisbane,Hard,Alex Knaff,13,0.0065
Brisbane,Hard,Remy Bertola,13,0.0065
Brisbane,Hard,Demetris Azoides,12,0.006
Brisbane,Hard,Liova Ayite Ajavon,12,0.006
Brisbane,Hard,Denis Shapovalov,12,0.006
Brisbane,Hard,Casper Ruud,12,0.006
Brisbane,Hard,Zizou Bergs,12,0.006
Brisbane,Hard,Viktor Durasovic,12,0.006
Brisbane,Hard,Altug Celikbilek,12,0.006
Brisbane,Hard,Stefanos Tsitsipas,12,0.006
Brisbane,Hard,Jerome Kym,12,0.006
Brisbane,Hard,Vasek Pospisil,12,0.006
Brisbane,Hard,Mohamed Safwat,11,0.0055
Brisbane,Hard,Michael Mmoh,11,0.0055
Brisbane,Hard,Alex Molcan,11,0.0055
Brisbane,Hard,Hubert Hurkacz,11,0.0055
Brisbane,Hard,Marcos Giron,11,0.0055
Brisbane,Hard,Rafael Nadal,11,0.0055
Brisbane,Hard,Yanaki Milev,11,0.0055
Brisbane,Hard,Thiago Agustin Tirante,11,0.0055
Brisbane,Hard,Facundo Bagnis,11,0.0055
Brisbane,Hard,Lorenzo Musetti,11,0.0055
Brisbane,Hard,Giovanni Mpetshi Perricard,10,0.005
Brisbane,Hard,Jack Loutit,10,0.005
Brisbane,Hard,Dusan Lajovic,10,0.005
Brisbane,Hard,Zsombor Piros,10,0.005
Brisbane,Hard,Alibek Kachmazov,10,0.005
Brisbane,Hard,Martyn Pawelski,10,0.005
Brisbane,Hard,Ioannis Xilas,10,0.005
Brisbane,Hard,Hong Kit Jack Wong,10,0.005
Brisbane,Hard,Tallon Griekspoor,10,0.005
Brisbane,Hard,Pablo Llamas Ruiz,10,0.005
Brisbane,Hard,Gonzalo Escobar,10,0.005
Brisbane,Hard,Jiri Lehecka,9,0.0045
Brisbane,Hard,Alexander Bublik,9,0.0045
Brisbane,Hard,Boris Arias,9,0.0045
Brisbane,Hard,Thiago Monteiro,9,0.0045
Brisbane,Hard,Roberto Carballes Baena,8,0.004
Brisbane,Hard,Nam Hoang Ly,8,0.004
Brisbane,Hard,Oliver Ojakaar,8,0.004
Brisbane,Hard,Lukas Pokorny,8,0.004
Brisbane,Hard,Romain Arneodo,8,0.004
Brisbane,Hard,Coleman Wong,8,0.004
Brisbane,Hard,Matteo Berrettini,8,0.004
Brisbane,Hard,Diego Duran,7,0.0035
Brisbane,Hard,Thomas Yaka Kofi Setodji,7,0.0035
Brisbane,Hard,Marco Trungelliti,7,0.0035
Brisbane,Hard,Lukas Neumayer,7,0.0035
Brisbane,Hard,Matej Dodig,7,0.0035
Brisbane,Hard,Milos Raonic,6,0.003
Brisbane,Hard,Martin Damm,6,0.003
Brisbane,Hard,Felix Auger Aliassime,6,0.003
Brisbane,Hard,Reilly Opelka,6,0.003
Brisbane,Hard,Nuno Borges,6,0.003
Brisbane,Hard,Hamad Medjedovic,6,0.003
Brisbane,Hard,Francisco Cerundolo,6,0.003
Brisbane,Hard,Billy Harris,6,0.003
Brisbane,Hard,Alejandro Tabilo,5,0.0025
Brisbane,Hard,Timofey Skatov,5,0.0025
Brisbane,Hard,Roberto Bautista Agut,5,0.0025
Brisbane,Hard,Quentin Halys,4,0.002
Brisbane,Hard,Tomas Martin Etcheverry,4,0.002
Brisbane,Hard,Jan Lennard Struff,4,0.002
Brisbane,Hard,Sebastian Baez,2,0.001
Davis Cup QLS R1: HUN vs GER,Hard,Jannik Sinner,265,0.1325
Davis Cup QLS R1: HUN vs GER,Hard,Alexander Zverev,41,0.0205
Davis Cup QLS R1: HUN vs GER,Hard,Ugo Humbert,41,0.0205
Davis Cup QLS R1: HUN vs GER,Hard,Alexei Popyrin,40,0.02
Davis Cup QLS R1: HUN vs GER,Hard,Grigor Dimitrov,38,0.019
Davis Cup QLS R1: HUN vs GER,Hard,Holger Rune,33,0.0165
Davis Cup QLS R1: HUN vs GER,Hard,Alex Michelsen,32,0.016
Davis Cup QLS R1: HUN vs GER,Hard,Carlos Alcaraz,31,0.0155
Davis Cup QLS R1: HUN vs GER,Hard,Karen Khachanov,27,0.0135
Davis Cup QLS R1: HUN vs GER,Hard,Daniil Medvedev,27,0.0135
Davis Cup QLS R1: HUN vs GER,Hard,Andrey Rublev,26,0.013
Davis Cup QLS R1: HUN vs GER,Hard,David Goffin,25,0.0125
Davis Cup QLS R1: HUN vs GER,Hard,Alex De Minaur,25,0.0125
Davis Cup QLS R1: HUN vs GER,Hard,Joao Fonseca,23,0.0115
Davis Cup QLS R1: HUN vs GER,Hard,Nicolai Budkov Kjaer,21,0.0105
Davis Cup QLS R1: HUN vs GER,Hard,Frances Tiafoe,20,0.01
Davis Cup QLS R1: HUN vs GER,Hard,Taylor Fritz,19,0.0095
Davis Cup QLS R1: HUN vs GER,Hard,Alejandro Davidovich Fokina,18,0.009
Davis Cup QLS R1: HUN vs GER,Hard,Juncheng Shang,18,0.009
Davis Cup QLS R1: HUN vs GER,Hard,Jack Draper,18,0.009
Davis Cup QLS R1: HUN vs GER,Hard,Liova Ayite Ajavon,18,0.009
Davis Cup QLS R1: HUN vs GER,Hard,Ben Shelton,18,0.009
Davis Cup QLS R1: HUN vs GER,Hard,Jordan Thompson,18,0.009
Davis Cup QLS R1: HUN vs GER,Hard,Bu Yunchaokete,18,0.009
Davis Cup QLS R1: HUN vs GER,Hard,Kei Nishikori,17,0.0085
Davis Cup QLS R1: HUN vs GER,Hard,Gael Monfils,17,0.0085
Davis Cup QLS R1: HUN vs GER,Hard,Altug Celikbilek,17,0.0085
Davis Cup QLS R1: HUN vs GER,Hard,Lucas Miedler,16,0.008
Davis Cup QLS R1: HUN vs GER,Hard,Nam Hoang Ly,16,0.008
Davis Cup QLS R1: HUN vs GER,Hard,Aleksandre Bakshi,16,0.008
Davis Cup QLS R1: HUN vs GER,Hard,Arthur Fils,16,0.008
Davis Cup QLS R1: HUN vs GER,Hard,Casper Ruud,16,0.008
Davis Cup QLS R1: HUN vs GER,Hard,Cameron Norrie,16,0.008
Davis Cup QLS R1: HUN vs GER,Hard,Jiri Lehecka,15,0.0075
Davis Cup QLS R1: HUN vs GER,Hard,Stefanos Tsitsipas,15,0.0075
Davis Cup QLS R1: HUN vs GER,Hard,Marcos Giron,15,0.0075
Davis Cup QLS R1: HUN vs GER,Hard,Sebastian Korda,15,0.0075
Davis Cup QLS R1: HUN vs GER,Hard,Marcelo Arevalo,15,0.0075
Davis Cup QLS R1: HUN vs GER,Hard,Diego Duran,15,0.0075
Davis Cup QLS R1: HUN vs GER,Hard,Brandon Nakashima,14,0.007
Davis Cup QLS R1: HUN vs GER,Hard,Martin Damm,14,0.007
Davis Cup QLS R1: HUN vs GER,Hard,Viktor Durasovic,14,0.007
Davis Cup QLS R1: HUN vs GER,Hard,Martyn Pawelski,14,0.007
Davis Cup QLS R1: HUN vs GER,Hard,Iliyan Radulov,14,0.007
Davis Cup QLS R1: HUN vs GER,Hard,Cezar Cretu,14,0.007
Davis Cup QLS R1: HUN vs GER,Hard,Flavio Cobolli,14,0.007
Davis Cup QLS R1: HUN vs GER,Hard,Emil Ruusuvuori,14,0.007
Davis Cup QLS R1: HUN vs GER,Hard,Pablo Llamas Ruiz,14,0.007
Davis Cup QLS R1: HUN vs GER,Hard,Gabriel Diallo,13,0.0065
Davis Cup QLS R1: HUN vs GER,Hard,Learner Tien,13,0.0065
Davis Cup QLS R1: HUN vs GER,Hard,Alibek Kachmazov,13,0.0065
Davis Cup QLS R1: HUN vs GER,Hard,Billy Harris,13,0.0065
Davis Cup QLS R1: HUN vs GER,Hard,Romain Arneodo,13,0.0065
Davis Cup QLS R1: HUN vs GER,Hard,Jakub Mensik,13,0.0065
Davis Cup QLS R1: HUN vs GER,Hard,Gonzalo Escobar,13,0.0065
Davis Cup QLS R1: HUN vs GER,Hard,Ioannis Xilas,13,0.0065
Davis Cup QLS R1: HUN vs GER,Hard,Paul Jubb,13,0.0065
Davis Cup QLS R1: HUN vs GER,Hard,Tomas Machac,13,0.0065
Davis Cup QLS R1: HUN vs GER,Hard,Henrique Rocha,13,0.0065
Davis Cup QLS R1: HUN vs GER,Hard,Thiago Agustin Tirante,13,0.0065
Davis Cup QLS R1: HUN vs GER,Hard,Tallon Griekspoor,12,0.006
Davis Cup QLS R1: HUN vs GER,Hard,Benedict Badza,12,0.006
Davis Cup QLS R1: HUN vs GER,Hard,Lukas Neumayer,12,0.006
Davis Cup QLS R1: HUN vs GER,Hard,Reilly Opelka,12,0.006
Davis Cup QLS R1: HUN vs GER,Hard,Ricardas Berankis,12,0.006
Davis Cup QLS R1: HUN vs GER,Hard,Demetris Azoides,12,0.006
Davis Cup QLS R1: HUN vs GER,Hard,Vasek Pospisil,12,0.006
Davis Cup QLS R1: HUN vs GER,Hard,Michael Mmoh,12,0.006
Davis Cup QLS R1: HUN vs GER,Hard,Niki Kaliyanda Poonacha,12,0.006
Davis Cup QLS R1: HUN vs GER,Hard,Thomas Yaka Kofi Setodji,11,0.0055
Davis Cup QLS R1: HUN vs GER,Hard,Beibit Zhukayev,11,0.0055
Davis Cup QLS R1: HUN vs GER,Hard,Zsombor Piros,11,0.0055
Davis Cup QLS R1: HUN vs GER,Hard,Milos Raonic,11,0.0055
Davis Cup QLS R1: HUN vs GER,Hard,Hugo Nys,11,0.0055
Davis Cup QLS R1: HUN vs GER,Hard,Yanaki Milev,11,0.0055
Davis Cup QLS R1: HUN vs GER,Hard,Stylianos Christodoulou,11,0.0055
Davis Cup QLS R1: HUN vs GER,Hard,Chris Rodesch,11,0.0055
Davis Cup QLS R1: HUN vs GER,Hard,Tommy Paul,11,0.0055
Davis Cup QLS R1: HUN vs GER,Hard,Denis Shapovalov,11,0.0055
Davis Cup QLS R1: HUN vs GER,Hard,Fitriadi M Rifqi,11,0.0055
Davis Cup QLS R1: HUN vs GER,Hard,Pablo Carreno Busta,11,0.0055
Davis Cup QLS R1: HUN vs GER,Hard,Remy Bertola,11,0.0055
Davis Cup QLS R1: HUN vs GER,Hard,Elmer Moller,11,0.0055
Davis Cup QLS R1: HUN vs GER,Hard,Hamad Medjedovic,11,0.0055
Davis Cup QLS R1: HUN vs GER,Hard,Alex Molcan,11,0.0055
Davis Cup QLS R1: HUN vs GER,Hard,Coleman Wong,11,0.0055
Davis Cup QLS R1: HUN vs GER,Hard,Boris Arias,11,0.0055
Davis Cup QLS R1: HUN vs GER,Hard,Matej Dodig,11,0.0055
Davis Cup QLS R1: HUN vs GER,Hard,Blaise Bicknell,11,0.0055
Davis Cup QLS R1: HUN vs GER,Hard,Gabi Adrian Boitan,10,0.005
Davis Cup QLS R1: HUN vs GER,Hard,Zizou Bergs,10,0.005
Davis Cup QLS R1: HUN vs GER,Hard,Mohamed Safwat,10,0.005
Davis Cup QLS R1: HUN vs GER,Hard,Nerman Fatic,10,0.005
Davis Cup QLS R1: HUN vs GER,Hard,Jerome Kym,10,0.005
Davis Cup QLS R1: HUN vs GER,Hard,Matteo Arnaldi,10,0.005
Davis Cup QLS R1: HUN vs GER,Hard,Andres Andrade,10,0.005
Davis Cup QLS R1: HUN vs GER,Hard,Hubert Hurkacz,9,0.0045
Davis Cup QLS R1: HUN vs GER,Hard,Novak Djokovic,9,0.0045
Davis Cup QLS R1: HUN vs GER,Hard,Rafael Nadal,9,0.0045
Davis Cup QLS R1: HUN vs GER,Hard,Lukas Pokorny,9,0.0045
Davis Cup QLS R1: HUN vs GER,Hard,Juan Carlos Prado Angelo,9,0.0045
Davis Cup QLS R1: HUN vs GER,Hard,Tomas Martin Etcheverry,9,0.0045
Davis Cup QLS R1: HUN vs GER,Hard,Roberto Carballes Baena,9,0.0045
Davis Cup QLS R1: HUN vs GER,Hard,Jack Loutit,9,0.0045
Davis Cup QLS R1: HUN vs GER,Hard,Nuno Borges,9,0.0045
Davis Cup QLS R1: HUN vs GER,Hard,Roberto Bautista Agut,9,0.0045
Davis Cup QLS R1: HUN vs GER,Hard,Marco Trungelliti,9,0.0045
Davis Cup QLS R1: HUN vs GER,Hard,Darian King,9,0.0045
Davis Cup QLS R1: HUN vs GER,Hard,Dusan Lajovic,8,0.004
Davis Cup QLS R1: HUN vs GER,Hard,Alexander Bublik,8,0.004
Davis Cup QLS R1: HUN vs GER,Hard,Hong Kit Jack Wong,8,0.004
Davis Cup QLS R1: HUN vs GER,Hard,Yoshihito Nishioka,8,0.004
Davis Cup QLS R1: HUN vs GER,Hard,Facundo Bagnis,8,0.004
Davis Cup QLS R1: HUN vs GER,Hard,Franco Roncadelli,8,0.004
Davis Cup QLS R1: HUN vs GER,Hard,Gijs Brouwer,7,0.0035
Davis Cup QLS R1: HUN vs GER,Hard,Oliver Ojakaar,7,0.0035
Davis Cup QLS R1: HUN vs GER,Hard,Alex Knaff,6,0.003
Davis Cup QLS R1: HUN vs GER,Hard,Lorenzo Musetti,6,0.003
Davis Cup QLS R1: HUN vs GER,Hard,Quentin Halys,6,0.003
Davis Cup QLS R1: HUN vs GER,Hard,Timofey Skatov,5,0.0025
Davis Cup QLS R1: HUN vs GER,Hard,Giovanni Mpetshi Perricard,5,0.0025
Davis Cup QLS R1: HUN vs GER,Hard,Felix Auger Aliassime,5,0.0025
Davis Cup QLS R1: HUN vs GER,Hard,Francisco Cerundolo,5,0.0025
Davis Cup QLS R1: HUN vs GER,Hard,Thiago Monteiro,4,0.002
Davis Cup QLS R1: HUN vs GER,Hard,Alejandro Tabilo,4,0.002
Davis Cup QLS R1: HUN vs GER,Hard,Matteo Berrettini,4,0.002
Davis Cup QLS R1: HUN vs GER,Hard,Sebastian Baez,2,0.001
Davis Cup QLS R1: HUN vs GER,Hard,Jan Lennard Struff,1,0.0005
Davis Cup QLS R1: SRB vs SVK,Clay,Sebastian Baez,62,0.031
Davis Cup QLS R1: SRB vs SVK,Clay,Casper Ruud,51,0.0255
Davis Cup QLS R1: SRB vs SVK,Clay,Alexander Zverev,46,0.023
Davis Cup QLS R1: SRB vs SVK,Clay,Stefanos Tsitsipas,45,0.0225
Davis Cup QLS R1: SRB vs SVK,Clay,Matteo Berrettini,44,0.022
Davis Cup QLS R1: SRB vs SVK,Clay,Felix Auger Aliassime,44,0.022
Davis Cup QLS R1: SRB vs SVK,Clay,Novak Djokovic,38,0.019
Davis Cup QLS R1: SRB vs SVK,Clay,Jan Lennard Struff,37,0.0185
Davis Cup QLS R1: SRB vs SVK,Clay,Nuno Borges,36,0.018
Davis Cup QLS R1: SRB vs SVK,Clay,Carlos Alcaraz,36,0.018
Davis Cup QLS R1: SRB vs SVK,Clay,Tomas Martin Etcheverry,25,0.0125
Davis Cup QLS R1: SRB vs SVK,Clay,Rafael Nadal,24,0.012
Davis Cup QLS R1: SRB vs SVK,Clay,Vasek Pospisil,22,0.011
Davis Cup QLS R1: SRB vs SVK,Clay,Thiago Monteiro,22,0.011
Davis Cup QLS R1: SRB vs SVK,Clay,Hubert Hurkacz,21,0.0105
Davis Cup QLS R1: SRB vs SVK,Clay,Darian King,21,0.0105
Davis Cup QLS R1: SRB vs SVK,Clay,Francisco Cerundolo,21,0.0105
Davis Cup QLS R1: SRB vs SVK,Clay,Elmer Moller,21,0.0105
Davis Cup QLS R1: SRB vs SVK,Clay,Giovanni Mpetshi Perricard,20,0.01
Davis Cup QLS R1: SRB vs SVK,Clay,Fitriadi M Rifqi,20,0.01
Davis Cup QLS R1: SRB vs SVK,Clay,Mohamed Safwat,20,0.01
Davis Cup QLS R1: SRB vs SVK,Clay,Jakub Mensik,20,0.01
Davis Cup QLS R1: SRB vs SVK,Clay,Quentin Halys,19,0.0095
Davis Cup QLS R1: SRB vs SVK,Clay,Remy Bertola,19,0.0095
Davis Cup QLS R1: SRB vs SVK,Clay,Billy Harris,19,0.0095
Davis Cup QLS R1: SRB vs SVK,Clay,Chris Rodesch,19,0.0095
Davis Cup QLS R1: SRB vs SVK,Clay,Alex De Minaur,18,0.009
Davis Cup QLS R1: SRB vs SVK,Clay,Iliyan Radulov,18,0.009
Davis Cup QLS R1: SRB vs SVK,Clay,Oliver Ojakaar,18,0.009
Davis Cup QLS R1: SRB vs SVK,Clay,Andres Andrade,18,0.009
Davis Cup QLS R1: SRB vs SVK,Clay,Marco Trungelliti,18,0.009
Davis Cup QLS R1: SRB vs SVK,Clay,Romain Arneodo,17,0.0085
Davis Cup QLS R1: SRB vs SVK,Clay,Lukas Pokorny,17,0.0085
Davis Cup QLS R1: SRB vs SVK,Clay,Karen Khachanov,17,0.0085
Davis Cup QLS R1: SRB vs SVK,Clay,Timofey Skatov,17,0.0085
Davis Cup QLS R1: SRB vs SVK,Clay,Reilly Opelka,17,0.0085
Davis Cup QLS R1: SRB vs SVK,Clay,Michael Mmoh,17,0.0085
Davis Cup QLS R1: SRB vs SVK,Clay,Jack Loutit,17,0.0085
Davis Cup QLS R1: SRB vs SVK,Clay,Taylor Fritz,17,0.0085
Davis Cup QLS R1: SRB vs SVK,Clay,Franco Roncadelli,16,0.008
Davis Cup QLS R1: SRB vs SVK,Clay,Hugo Nys,16,0.008
Davis Cup QLS R1: SRB vs SVK,Clay,Facundo Bagnis,16,0.008
Davis Cup QLS R1: SRB vs SVK,Clay,Tomas Machac,16,0.008
Davis Cup QLS R1: SRB vs SVK,Clay,Thomas Yaka Kofi Setodji,16,0.008
Davis Cup QLS R1: SRB vs SVK,Clay,Henrique Rocha,16,0.008
Davis Cup QLS R1: SRB vs SVK,Clay,Demetris Azoides,16,0.008
Davis Cup QLS R1: SRB vs SVK,Clay,Ioannis Xilas,15,0.0075
Davis Cup QLS R1: SRB vs SVK,Clay,Pablo Llamas Ruiz,15,0.0075
Davis Cup QLS R1: SRB vs SVK,Clay,Gabi Adrian Boitan,15,0.0075
Davis Cup QLS R1: SRB vs SVK,Clay,Daniil Medvedev,15,0.0075
Davis Cup QLS R1: SRB vs SVK,Clay,Thiago Agustin Tirante,15,0.0075
Davis Cup QLS R1: SRB vs SVK,Clay,Dusan Lajovic,15,0.0075
Davis Cup QLS R1: SRB vs SVK,Clay,Andrey Rublev,15,0.0075
Davis Cup QLS R1: SRB vs SVK,Clay,Blaise Bicknell,15,0.0075
Davis Cup QLS R1: SRB vs SVK,Clay,Alejandro Davidovich Fokina,15,0.0075
Davis Cup QLS R1: SRB vs SVK,Clay,Juan Carlos Prado Angelo,15,0.0075
Davis Cup QLS R1: SRB vs SVK,Clay,Ben Shelton,15,0.0075
Davis Cup QLS R1: SRB vs SVK,Clay,Cameron Norrie,14,0.007
Davis Cup QLS R1: SRB vs SVK,Clay,Cezar Cretu,14,0.007
Davis Cup QLS R1: SRB vs SVK,Clay,Pablo Carreno Busta,14,0.007
Davis Cup QLS R1: SRB vs SVK,Clay,Gijs Brouwer,14,0.007
Davis Cup QLS R1: SRB vs SVK,Clay,Boris Arias,14,0.007
Davis Cup QLS R1: SRB vs SVK,Clay,Jiri Lehecka,14,0.007
Davis Cup QLS R1: SRB vs SVK,Clay,Lukas Neumayer,13,0.0065
Davis Cup QLS R1: SRB vs SVK,Clay,Nicolai Budkov Kjaer,13,0.0065
Davis Cup QLS R1: SRB vs SVK,Clay,Kei Nishikori,13,0.0065
Davis Cup QLS R1: SRB vs SVK,Clay,Joao Fonseca,13,0.0065
Davis Cup QLS R1: SRB vs SVK,Clay,Stylianos Christodoulou,13,0.0065
Davis Cup QLS R1: SRB vs SVK,Clay,Altug Celikbilek,13,0.0065
Davis Cup QLS R1: SRB vs SVK,Clay,Holger Rune,13,0.0065
Davis Cup QLS R1: SRB vs SVK,Clay,Jannik Sinner,13,0.0065
Davis Cup QLS R1: SRB vs SVK,Clay,Matteo Arnaldi,13,0.0065
Davis Cup QLS R1: SRB vs SVK,Clay,Zsombor Piros,13,0.0065
Davis Cup QLS R1: SRB vs SVK,Clay,Flavio Cobolli,13,0.0065
Davis Cup QLS R1: SRB vs SVK,Clay,Paul Jubb,13,0.0065
Davis Cup QLS R1: SRB vs SVK,Clay,Yanaki Milev,13,0.0065
Davis Cup QLS R1: SRB vs SVK,Clay,Jerome Kym,12,0.006
Davis Cup QLS R1: SRB vs SVK,Clay,Gabriel Diallo,12,0.006
Davis Cup QLS R1: SRB vs SVK,Clay,Alex Molcan,12,0.006
Davis Cup QLS R1: SRB vs SVK,Clay,Roberto Carballes Baena,12,0.006
Davis Cup QLS R1: SRB vs SVK,Clay,Alejandro Tabilo,12,0.006
Davis Cup QLS R1: SRB vs SVK,Clay,Marcelo Arevalo,12,0.006
Davis Cup QLS R1: SRB vs SVK,Clay,Liova Ayite Ajavon,12,0.006
Davis Cup QLS R1: SRB vs SVK,Clay,Milos Raonic,11,0.0055
Davis Cup QLS R1: SRB vs SVK,Clay,Learner Tien,11,0.0055
Davis Cup QLS R1: SRB vs SVK,Clay,Zizou Bergs,11,0.0055
Davis Cup QLS R1: SRB vs SVK,Clay,Beibit Zhukayev,11,0.0055
Davis Cup QLS R1: SRB vs SVK,Clay,Niki Kaliyanda Poonacha,11,0.0055
Davis Cup QLS R1: SRB vs SVK,Clay,Aleksandre Bakshi,11,0.0055
Davis Cup QLS R1: SRB vs SVK,Clay,Ugo Humbert,11,0.0055
Davis Cup QLS R1: SRB vs SVK,Clay,Alex Knaff,11,0.0055
Davis Cup QLS R1: SRB vs SVK,Clay,Diego Duran,11,0.0055
Davis Cup QLS R1: SRB vs SVK,Clay,Nerman Fatic,11,0.0055
Davis Cup QLS R1: SRB vs SVK,Clay,Viktor Durasovic,11,0.0055
Davis Cup QLS R1: SRB vs SVK,Clay,Alexei Popyrin,10,0.005
Davis Cup QLS R1: SRB vs SVK,Clay,Alex Michelsen,10,0.005
Davis Cup QLS R1: SRB vs SVK,Clay,Matej Dodig,10,0.005
Davis Cup QLS R1: SRB vs SVK,Clay,Gonzalo Escobar,10,0.005
Davis Cup QLS R1: SRB vs SVK,Clay,Tallon Griekspoor,10,0.005
Davis Cup QLS R1: SRB vs SVK,Clay,Coleman Wong,10,0.005
Davis Cup QLS R1: SRB vs SVK,Clay,Hong Kit Jack Wong,10,0.005
Davis Cup QLS R1: SRB vs SVK,Clay,Martyn Pawelski,10,0.005
Davis Cup QLS R1: SRB vs SVK,Clay,Brandon Nakashima,9,0.0045
Davis Cup QLS R1: SRB vs SVK,Clay,Tommy Paul,9,0.0045
Davis Cup QLS R1: SRB vs SVK,Clay,Ricardas Berankis,9,0.0045
Davis Cup QLS R1: SRB vs SVK,Clay,Alibek Kachmazov,9,0.0045
Davis Cup QLS R1: SRB vs SVK,Clay,Nam Hoang Ly,9,0.0045
Davis Cup QLS R1: SRB vs SVK,Clay,Hamad Medjedovic,9,0.0045
Davis Cup QLS R1: SRB vs SVK,Clay,Lorenzo Musetti,9,0.0045
Davis Cup QLS R1: SRB vs SVK,Clay,Sebastian Korda,9,0.0045
Davis Cup QLS R1: SRB vs SVK,Clay,Roberto Bautista Agut,8,0.004
Davis Cup QLS R1: SRB vs SVK,Clay,Grigor Dimitrov,8,0.004
Davis Cup QLS R1: SRB vs SVK,Clay,Denis Shapovalov,8,0.004
Davis Cup QLS R1: SRB vs SVK,Clay,Martin Damm,8,0.004
Davis Cup QLS R1: SRB vs SVK,Clay,Yoshihito Nishioka,8,0.004
Davis Cup QLS R1: SRB vs SVK,Clay,Lucas Miedler,8,0.004
Davis Cup QLS R1: SRB vs SVK,Clay,Arthur Fils,7,0.0035
Davis Cup QLS R1: SRB vs SVK,Clay,Marcos Giron,7,0.0035
Davis Cup QLS R1: SRB vs SVK,Clay,Emil Ruusuvuori,7,0.0035
Davis Cup QLS R1: SRB vs SVK,Clay,Benedict Badza,6,0.003
Davis Cup QLS R1: SRB vs SVK,Clay,Alexander Bublik,6,0.003
Davis Cup QLS R1: SRB vs SVK,Clay,Juncheng Shang,6,0.003
Davis Cup QLS R1: SRB vs SVK,Clay,Bu Yunchaokete,6,0.003
Davis Cup QLS R1: SRB vs SVK,Clay,Gael Monfils,5,0.0025
Davis Cup QLS R1: SRB vs SVK,Clay,Jack Draper,5,0.0025
Davis Cup QLS R1: SRB vs SVK,Clay,Jordan Thompson,5,0.0025
Davis Cup QLS R1: SRB vs SVK,Clay,David Goffin,4,0.002
Davis Cup QLS R1: SRB vs SVK,Clay,Frances Tiafoe,3,0.0015
Davis Cup QLS R1: SWE vs BRA,Hard,Jannik Sinner,260,0.13
Davis Cup QLS R1: SWE vs BRA,Hard,Grigor Dimitrov,43,0.0215
Davis Cup QLS R1: SWE vs BRA,Hard,Carlos Alcaraz,41,0.0205
Davis Cup QLS R1: SWE vs BRA,Hard,Alexander Zverev,40,0.02
Davis Cup QLS R1: SWE vs BRA,Hard,Alexei Popyrin,38,0.019
Davis Cup QLS R1: SWE vs BRA,Hard,Holger Rune,34,0.017
Davis Cup QLS R1: SWE vs BRA,Hard,Jordan Thompson,30,0.015
Davis Cup QLS R1: SWE vs BRA,Hard,Alex De Minaur,29,0.0145
Davis Cup QLS R1: SWE vs BRA,Hard,Daniil Medvedev,27,0.0135
Davis Cup QLS R1: SWE vs BRA,Hard,Karen Khachanov,26,0.013
Davis Cup QLS R1: SWE vs BRA,Hard,Taylor Fritz,26,0.013
Davis Cup QLS R1: SWE vs BRA,Hard,Bu Yunchaokete,25,0.0125
Davis Cup QLS R1: SWE vs BRA,Hard,Jiri Lehecka,24,0.012
Davis Cup QLS R1: SWE vs BRA,Hard,David Goffin,24,0.012
Davis Cup QLS R1: SWE vs BRA,Hard,Cameron Norrie,23,0.0115
Davis Cup QLS R1: SWE vs BRA,Hard,Ugo Humbert,23,0.0115
Davis Cup QLS R1: SWE vs BRA,Hard,Alex Michelsen,23,0.0115
Davis Cup QLS R1: SWE vs BRA,Hard,Andrey Rublev,23,0.0115
Davis Cup QLS R1: SWE vs BRA,Hard,Jakub Mensik,22,0.011
Davis Cup QLS R1: SWE vs BRA,Hard,Novak Djokovic,22,0.011
Davis Cup QLS R1: SWE vs BRA,Hard,Blaise Bicknell,21,0.0105
Davis Cup QLS R1: SWE vs BRA,Hard,Joao Fonseca,19,0.0095
Davis Cup QLS R1: SWE vs BRA,Hard,Flavio Cobolli,19,0.0095
Davis Cup QLS R1: SWE vs BRA,Hard,Sebastian Korda,19,0.0095
Davis Cup QLS R1: SWE vs BRA,Hard,Alejandro Davidovich Fokina,18,0.009
Davis Cup QLS R1: SWE vs BRA,Hard,Liova Ayite Ajavon,18,0.009
Davis Cup QLS R1: SWE vs BRA,Hard,Altug Celikbilek,18,0.009
Davis Cup QLS R1: SWE vs BRA,Hard,Emil Ruusuvuori,18,0.009
Davis Cup QLS R1: SWE vs BRA,Hard,Remy Bertola,17,0.0085
Davis Cup QLS R1: SWE vs BRA,Hard,Kei Nishikori,17,0.0085
Davis Cup QLS R1: SWE vs BRA,Hard,Nam Hoang Ly,17,0.0085
Davis Cup QLS R1: SWE vs BRA,Hard,Frances Tiafoe,17,0.0085
Davis Cup QLS R1: SWE vs BRA,Hard,Thomas Yaka Kofi Setodji,17,0.0085
Davis Cup QLS R1: SWE vs BRA,Hard,Matteo Arnaldi,17,0.0085
Davis Cup QLS R1: SWE vs BRA,Hard,Tomas Machac,16,0.008
Davis Cup QLS R1: SWE vs BRA,Hard,Pablo Carreno Busta,16,0.008
Davis Cup QLS R1: SWE vs BRA,Hard,Juncheng Shang,16,0.008
Davis Cup QLS R1: SWE vs BRA,Hard,Jack Draper,16,0.008
Davis Cup QLS R1: SWE vs BRA,Hard,Matej Dodig,16,0.008
Davis Cup QLS R1: SWE vs BRA,Hard,Nerman Fatic,16,0.008
Davis Cup QLS R1: SWE vs BRA,Hard,Jerome Kym,15,0.0075
Davis Cup QLS R1: SWE vs BRA,Hard,Michael Mmoh,15,0.0075
Davis Cup QLS R1: SWE vs BRA,Hard,Martyn Pawelski,15,0.0075
Davis Cup QLS R1: SWE vs BRA,Hard,Chris Rodesch,15,0.0075
Davis Cup QLS R1: SWE vs BRA,Hard,Aleksandre Bakshi,15,0.0075
Davis Cup QLS R1: SWE vs BRA,Hard,Cezar Cretu,15,0.0075
Davis Cup QLS R1: SWE vs BRA,Hard,Henrique Rocha,15,0.0075
Davis Cup QLS R1: SWE vs BRA,Hard,Gael Monfils,14,0.007
Davis Cup QLS R1: SWE vs BRA,Hard,Boris Arias,14,0.007
Davis Cup QLS R1: SWE vs BRA,Hard,Tommy Paul,13,0.0065
Davis Cup QLS R1: SWE vs BRA,Hard,Nicolai Budkov Kjaer,13,0.0065
Davis Cup QLS R1: SWE vs BRA,Hard,Martin Damm,13,0.0065
Davis Cup QLS R1: SWE vs BRA,Hard,Marco Trungelliti,13,0.0065
Davis Cup QLS R1: SWE vs BRA,Hard,Marcos Giron,13,0.0065
Davis Cup QLS R1: SWE vs BRA,Hard,Gijs Brouwer,13,0.0065
Davis Cup QLS R1: SWE vs BRA,Hard,Yanaki Milev,13,0.0065
Davis Cup QLS R1: SWE vs BRA,Hard,Gabi Adrian Boitan,13,0.0065
Davis Cup QLS R1: SWE vs BRA,Hard,Denis Shapovalov,13,0.0065
Davis Cup QLS R1: SWE vs BRA,Hard,Ricardas Berankis,13,0.0065
Davis Cup QLS R1: SWE vs BRA,Hard,Viktor Durasovic,12,0.006
Davis Cup QLS R1: SWE vs BRA,Hard,Thiago Agustin Tirante,12,0.006
Davis Cup QLS R1: SWE vs BRA,Hard,Alibek Kachmazov,12,0.006
Davis Cup QLS R1: SWE vs BRA,Hard,Andres Andrade,12,0.006
Davis Cup QLS R1: SWE vs BRA,Hard,Zizou Bergs,12,0.006
Davis Cup QLS R1: SWE vs BRA,Hard,Demetris Azoides,12,0.006
Davis Cup QLS R1: SWE vs BRA,Hard,Casper Ruud,12,0.006
Davis Cup QLS R1: SWE vs BRA,Hard,Learner Tien,12,0.006
Davis Cup QLS R1: SWE vs BRA,Hard,Niki Kaliyanda Poonacha,12,0.006
Davis Cup QLS R1: SWE vs BRA,Hard,Alexander Bublik,12,0.006
Davis Cup QLS R1: SWE vs BRA,Hard,Arthur Fils,11,0.0055
Davis Cup QLS R1: SWE vs BRA,Hard,Lukas Neumayer,11,0.0055
Davis Cup QLS R1: SWE vs BRA,Hard,Oliver Ojakaar,11,0.0055
Davis Cup QLS R1: SWE vs BRA,Hard,Darian King,11,0.0055
Davis Cup QLS R1: SWE vs BRA,Hard,Alex Knaff,11,0.0055
Davis Cup QLS R1: SWE vs BRA,Hard,Benedict Badza,11,0.0055
Davis Cup QLS R1: SWE vs BRA,Hard,Beibit Zhukayev,11,0.0055
Davis Cup QLS R1: SWE vs BRA,Hard,Brandon Nakashima,11,0.0055
Davis Cup QLS R1: SWE vs BRA,Hard,Vasek Pospisil,11,0.0055
Davis Cup QLS R1: SWE vs BRA,Hard,Milos Raonic,10,0.005
Davis Cup QLS R1: SWE vs BRA,Hard,Pablo Llamas Ruiz,10,0.005
Davis Cup QLS R1: SWE vs BRA,Hard,Hugo Nys,10,0.005
Davis Cup QLS R1: SWE vs BRA,Hard,Stefanos Tsitsipas,10,0.005
Davis Cup QLS R1: SWE vs BRA,Hard,Gabriel Diallo,10,0.005
Davis Cup QLS R1: SWE vs BRA,Hard,Hong Kit Jack Wong,10,0.005
Davis Cup QLS R1: SWE vs BRA,Hard,Juan Carlos Prado Angelo,10,0.005
Davis Cup QLS R1: SWE vs BRA,Hard,Lucas Miedler,10,0.005
Davis Cup QLS R1: SWE vs BRA,Hard,Billy Harris,10,0.005
Davis Cup QLS R1: SWE vs BRA,Hard,Timofey Skatov,10,0.005
Davis Cup QLS R1: SWE vs BRA,Hard,Roberto Bautista Agut,9,0.0045
Davis Cup QLS R1: SWE vs BRA,Hard,Coleman Wong,9,0.0045
Davis Cup QLS R1: SWE vs BRA,Hard,Hamad Medjedovic,9,0.0045
Davis Cup QLS R1: SWE vs BRA,Hard,Iliyan Radulov,9,0.0045
Davis Cup QLS R1: SWE vs BRA,Hard,Fitriadi M Rifqi,9,0.0045
Davis Cup QLS R1: SWE vs BRA,Hard,Marcelo Arevalo,9,0.0045
Davis Cup QLS R1: SWE vs BRA,Hard,Mohamed Safwat,9,0.0045
Davis Cup QLS R1: SWE vs BRA,Hard,Lukas Pokorny,9,0.0045
Davis Cup QLS R1: SWE vs BRA,Hard,Hubert Hurkacz,8,0.004
Davis Cup QLS R1: SWE vs BRA,Hard,Alejandro Tabilo,8,0.004
Davis Cup QLS R1: SWE vs BRA,Hard,Tomas Martin Etcheverry,8,0.004
Davis Cup QLS R1: SWE vs BRA,Hard,Diego Duran,8,0.004
Davis Cup QLS R1: SWE vs BRA,Hard,Yoshihito Nishioka,8,0.004
Davis Cup QLS R1: SWE vs BRA,Hard,Tallon Griekspoor,8,0.004
Davis Cup QLS R1: SWE vs BRA,Hard,Thiago Monteiro,8,0.004
Davis Cup QLS R1: SWE vs BRA,Hard,Romain Arneodo,8,0.004
Davis Cup QLS R1: SWE vs BRA,Hard,Quentin Halys,8,0.004
Davis Cup QLS R1: SWE vs BRA,Hard,Ioannis Xilas,8,0.004
Davis Cup QLS R1: SWE vs BRA,Hard,Jack Loutit,7,0.0035
Davis Cup QLS R1: SWE vs BRA,Hard,Ben Shelton,7,0.0035
Davis Cup QLS R1: SWE vs BRA,Hard,Paul Jubb,7,0.0035
Davis Cup QLS R1: SWE vs BRA,Hard,Elmer Moller,7,0.0035
Davis Cup QLS R1: SWE vs BRA,Hard,Gonzalo Escobar,7,0.0035
Davis Cup QLS R1: SWE vs BRA,Hard,Franco Roncadelli,6,0.003
Davis Cup QLS R1: SWE vs BRA,Hard,Reilly Opelka,6,0.003
Davis Cup QLS R1: SWE vs BRA,Hard,Stylianos Christodoulou,6,0.003
Davis Cup QLS R1: SWE vs BRA,Hard,Rafael Nadal,6,0.003
Davis Cup QLS R1: SWE vs BRA,Hard,Jan Lennard Struff,6,0.003
Davis Cup QLS R1: SWE vs BRA,Hard,Francisco Cerundolo,6,0.003
Davis Cup QLS R1: SWE vs BRA,Hard,Dusan Lajovic,6,0.003
Davis Cup QLS R1: SWE vs BRA,Hard,Matteo Berrettini,5,0.0025
Davis Cup QLS R1: SWE vs BRA,Hard,Facundo Bagnis,5,0.0025
Davis Cup QLS R1: SWE vs BRA,Hard,Roberto Carballes Baena,5,0.0025
Davis Cup QLS R1: SWE vs BRA,Hard,Nuno Borges,4,0.002
Davis Cup QLS R1: SWE vs BRA,Hard,Zsombor Piros,4,0.002
Davis Cup QLS R1: SWE vs BRA,Hard,Alex Molcan,4,0.002
Davis Cup QLS R1: SWE vs BRA,Hard,Giovanni Mpetshi Perricard,4,0.002
Davis Cup QLS R1: SWE vs BRA,Hard,Lorenzo Musetti,3,0.0015
Davis Cup QLS R1: SWE vs BRA,Hard,Felix Auger Aliassime,3,0.0015
Davis Cup QLS R1: SWE vs BRA,Hard,Sebastian Baez,1,0.0005
Davis Cup QLS R1: UKR vs USA,Hard,Jannik Sinner,237,0.1185
Davis Cup QLS R1: UKR vs USA,Hard,Grigor Dimitrov,54,0.027
Davis Cup QLS R1: UKR vs USA,Hard,Carlos Alcaraz,39,0.0195
Davis Cup QLS R1: UKR vs USA,Hard,Alexander Zverev,38,0.019
Davis Cup QLS R1: UKR vs USA,Hard,Ugo Humbert,38,0.019
Davis Cup QLS R1: UKR vs USA,Hard,Holger Rune,37,0.0185
Davis Cup QLS R1: UKR vs USA,Hard,Alexei Popyrin,33,0.0165
Davis Cup QLS R1: UKR vs USA,Hard,Karen Khachanov,32,0.016
Davis Cup QLS R1: UKR vs USA,Hard,Jordan Thompson,31,0.0155
Davis Cup QLS R1: UKR vs USA,Hard,Andrey Rublev,25,0.0125
Davis Cup QLS R1: UKR vs USA,Hard,David Goffin,23,0.0115
Davis Cup QLS R1: UKR vs USA,Hard,Alex Michelsen,22,0.011
Davis Cup QLS R1: UKR vs USA,Hard,Juncheng Shang,22,0.011
Davis Cup QLS R1: UKR vs USA,Hard,Daniil Medvedev,21,0.0105
Davis Cup QLS R1: UKR vs USA,Hard,Taylor Fritz,21,0.0105
Davis Cup QLS R1: UKR vs USA,Hard,Tomas Machac,21,0.0105
Davis Cup QLS R1: UKR vs USA,Hard,Sebastian Korda,20,0.01
Davis Cup QLS R1: UKR vs USA,Hard,Darian King,20,0.01
Davis Cup QLS R1: UKR vs USA,Hard,Joao Fonseca,19,0.0095
Davis Cup QLS R1: UKR vs USA,Hard,Frances Tiafoe,19,0.0095
Davis Cup QLS R1: UKR vs USA,Hard,Jack Draper,18,0.009
Davis Cup QLS R1: UKR vs USA,Hard,Henrique Rocha,18,0.009
Davis Cup QLS R1: UKR vs USA,Hard,Ben Shelton,18,0.009
Davis Cup QLS R1: UKR vs USA,Hard,Emil Ruusuvuori,18,0.009
Davis Cup QLS R1: UKR vs USA,Hard,Alex De Minaur,17,0.0085
Davis Cup QLS R1: UKR vs USA,Hard,Matteo Arnaldi,17,0.0085
Davis Cup QLS R1: UKR vs USA,Hard,Jakub Mensik,17,0.0085
Davis Cup QLS R1: UKR vs USA,Hard,Learner Tien,17,0.0085
Davis Cup QLS R1: UKR vs USA,Hard,Gabriel Diallo,17,0.0085
Davis Cup QLS R1: UKR vs USA,Hard,Nicolai Budkov Kjaer,16,0.008
Davis Cup QLS R1: UKR vs USA,Hard,Remy Bertola,16,0.008
Davis Cup QLS R1: UKR vs USA,Hard,Alexander Bublik,16,0.008
Davis Cup QLS R1: UKR vs USA,Hard,Gabi Adrian Boitan,16,0.008
Davis Cup QLS R1: UKR vs USA,Hard,Alibek Kachmazov,16,0.008
Davis Cup QLS R1: UKR vs USA,Hard,Gonzalo Escobar,16,0.008
Davis Cup QLS R1: UKR vs USA,Hard,Ioannis Xilas,16,0.008
Davis Cup QLS R1: UKR vs USA,Hard,Thiago Agustin Tirante,16,0.008
Davis Cup QLS R1: UKR vs USA,Hard,Jiri Lehecka,16,0.008
Davis Cup QLS R1: UKR vs USA,Hard,Yanaki Milev,15,0.0075
Davis Cup QLS R1: UKR vs USA,Hard,Matej Dodig,15,0.0075
Davis Cup QLS R1: UKR vs USA,Hard,Tommy Paul,15,0.0075
Davis Cup QLS R1: UKR vs USA,Hard,Oliver Ojakaar,14,0.007
Davis Cup QLS R1: UKR vs USA,Hard,Brandon Nakashima,14,0.007
Davis Cup QLS R1: UKR vs USA,Hard,Novak Djokovic,14,0.007
Davis Cup QLS R1: UKR vs USA,Hard,Thomas Yaka Kofi Setodji,14,0.007
Davis Cup QLS R1: UKR vs USA,Hard,Kei Nishikori,14,0.007
Davis Cup QLS R1: UKR vs USA,Hard,Pablo Carreno Busta,14,0.007
Davis Cup QLS R1: UKR vs USA,Hard,Marcelo Arevalo,14,0.007
Davis Cup QLS R1: UKR vs USA,Hard,Elmer Moller,14,0.007
Davis Cup QLS R1: UKR vs USA,Hard,Paul Jubb,14,0.007
Davis Cup QLS R1: UKR vs USA,Hard,Alejandro Davidovich Fokina,14,0.007
Davis Cup QLS R1: UKR vs USA,Hard,Marco Trungelliti,14,0.007
Davis Cup QLS R1: UKR vs USA,Hard,Coleman Wong,14,0.007
Davis Cup QLS R1: UKR vs USA,Hard,Pablo Llamas Ruiz,13,0.0065
Davis Cup QLS R1: UKR vs USA,Hard,Milos Raonic,13,0.0065
Davis Cup QLS R1: UKR vs USA,Hard,Diego Duran,13,0.0065
Davis Cup QLS R1: UKR vs USA,Hard,Tallon Griekspoor,13,0.0065
Davis Cup QLS R1: UKR vs USA,Hard,Benedict Badza,13,0.0065
Davis Cup QLS R1: UKR vs USA,Hard,Martin Damm,13,0.0065
Davis Cup QLS R1: UKR vs USA,Hard,Viktor Durasovic,13,0.0065
Davis Cup QLS R1: UKR vs USA,Hard,Casper Ruud,13,0.0065
Davis Cup QLS R1: UKR vs USA,Hard,Marcos Giron,13,0.0065
Davis Cup QLS R1: UKR vs USA,Hard,Liova Ayite Ajavon,13,0.0065
Davis Cup QLS R1: UKR vs USA,Hard,Reilly Opelka,13,0.0065
Davis Cup QLS R1: UKR vs USA,Hard,Altug Celikbilek,12,0.006
Davis Cup QLS R1: UKR vs USA,Hard,Bu Yunchaokete,12,0.006
Davis Cup QLS R1: UKR vs USA,Hard,Nerman Fatic,12,0.006
Davis Cup QLS R1: UKR vs USA,Hard,Lucas Miedler,12,0.006
Davis Cup QLS R1: UKR vs USA,Hard,Flavio Cobolli,12,0.006
Davis Cup QLS R1: UKR vs USA,Hard,Alex Knaff,12,0.006
Davis Cup QLS R1: UKR vs USA,Hard,Vasek Pospisil,12,0.006
Davis Cup QLS R1: UKR vs USA,Hard,Cezar Cretu,12,0.006
Davis Cup QLS R1: UKR vs USA,Hard,Fitriadi M Rifqi,12,0.006
Davis Cup QLS R1: UKR vs USA,Hard,Felix Auger Aliassime,12,0.006
Davis Cup QLS R1: UKR vs USA,Hard,Jack Loutit,12,0.006
Davis Cup QLS R1: UKR vs USA,Hard,Zizou Bergs,12,0.006
Davis Cup QLS R1: UKR vs USA,Hard,Gael Monfils,12,0.006
Davis Cup QLS R1: UKR vs USA,Hard,Hong Kit Jack Wong,12,0.006
Davis Cup QLS R1: UKR vs USA,Hard,Nam Hoang Ly,12,0.006
Davis Cup QLS R1: UKR vs USA,Hard,Facundo Bagnis,11,0.0055
Davis Cup QLS R1: UKR vs USA,Hard,Andres Andrade,11,0.0055
Davis Cup QLS R1: UKR vs USA,Hard,Cameron Norrie,11,0.0055
Davis Cup QLS R1: UKR vs USA,Hard,Roberto Carballes Baena,11,0.0055
Davis Cup QLS R1: UKR vs USA,Hard,Ricardas Berankis,11,0.0055
Davis Cup QLS R1: UKR vs USA,Hard,Hamad Medjedovic,11,0.0055
Davis Cup QLS R1: UKR vs USA,Hard,Michael Mmoh,10,0.005
Davis Cup QLS R1: UKR vs USA,Hard,Jerome Kym,10,0.005
Davis Cup QLS R1: UKR vs USA,Hard,Demetris Azoides,10,0.005
Davis Cup QLS R1: UKR vs USA,Hard,Lukas Neumayer,10,0.005
Davis Cup QLS R1: UKR vs USA,Hard,Arthur Fils,10,0.005
Davis Cup QLS R1: UKR vs USA,Hard,Iliyan Radulov,10,0.005
Davis Cup QLS R1: UKR vs USA,Hard,Billy Harris,10,0.005
Davis Cup QLS R1: UKR vs USA,Hard,Timofey Skatov,9,0.0045
Davis Cup QLS R1: UKR vs USA,Hard,Mohamed Safwat,9,0.0045
Davis Cup QLS R1: UKR vs USA,Hard,Roberto Bautista Agut,9,0.0045
Davis Cup QLS R1: UKR vs USA,Hard,Juan Carlos Prado Angelo,9,0.0045
Davis Cup QLS R1: UKR vs USA,Hard,Denis Shapovalov,9,0.0045
Davis Cup QLS R1: UKR vs USA,Hard,Stylianos Christodoulou,9,0.0045
Davis Cup QLS R1: UKR vs USA,Hard,Yoshihito Nishioka,9,0.0045
Davis Cup QLS R1: UKR vs USA,Hard,Blaise Bicknell,9,0.0045
Davis Cup QLS R1: UKR vs USA,Hard,Boris Arias,9,0.0045
Davis Cup QLS R1: UKR vs USA,Hard,Beibit Zhukayev,9,0.0045
Davis Cup QLS R1: UKR vs USA,Hard,Giovanni Mpetshi Perricard,9,0.0045
Davis Cup QLS R1: UKR vs USA,Hard,Chris Rodesch,9,0.0045
Davis Cup QLS R1: UKR vs USA,Hard,Thiago Monteiro,8,0.004
Davis Cup QLS R1: UKR vs USA,Hard,Lukas Pokorny,8,0.004
Davis Cup QLS R1: UKR vs USA,Hard,Martyn Pawelski,8,0.004
Davis Cup QLS R1: UKR vs USA,Hard,Hugo Nys,8,0.004
Davis Cup QLS R1: UKR vs USA,Hard,Aleksandre Bakshi,8,0.004
Davis Cup QLS R1: UKR vs USA,Hard,Gijs Brouwer,8,0.004
Davis Cup QLS R1: UKR vs USA,Hard,Nuno Borges,8,0.004
Davis Cup QLS R1: UKR vs USA,Hard,Franco Roncadelli,7,0.0035
Davis Cup QLS R1: UKR vs USA,Hard,Alex Molcan,7,0.0035
Davis Cup QLS R1: UKR vs USA,Hard,Tomas Martin Etcheverry,7,0.0035
Davis Cup QLS R1: UKR vs USA,Hard,Alejandro Tabilo,7,0.0035
Davis Cup QLS R1: UKR vs USA,Hard,Romain Arneodo,6,0.003
Davis Cup QLS R1: UKR vs USA,Hard,Quentin Halys,6,0.003
Davis Cup QLS R1: UKR vs USA,Hard,Zsombor Piros,6,0.003
Davis Cup QLS R1: UKR vs USA,Hard,Lorenzo Musetti,6,0.003
Davis Cup QLS R1: UKR vs USA,Hard,Niki Kaliyanda Poonacha,6,0.003
Davis Cup QLS R1: UKR vs USA,Hard,Dusan Lajovic,5,0.0025
Davis Cup QLS R1: UKR vs USA,Hard,Francisco Cerundolo,5,0.0025
Davis Cup QLS R1: UKR vs USA,Hard,Rafael Nadal,5,0.0025
Davis Cup QLS R1: UKR vs USA,Hard,Hubert Hurkacz,4,0.002
Davis Cup QLS R1: UKR vs USA,Hard,Stefanos Tsitsipas,4,0.002
Davis Cup QLS R1: UKR vs USA,Hard,Jan Lennard Struff,4,0.002
Davis Cup QLS R1: UKR vs USA,Hard,Sebastian Baez,3,0.0015
Davis Cup QLS R1: UKR vs USA,Hard,Matteo Berrettini,3,0.0015
Davis Cup WG1 PO: COL vs LUX,Clay,Sebastian Baez,58,0.029
Davis Cup WG1 PO: COL vs LUX,Clay,Casper Ruud,55,0.0275
Davis Cup WG1 PO: COL vs LUX,Clay,Jan Lennard Struff,54,0.027
Davis Cup WG1 PO: COL vs LUX,Clay,Alexander Zverev,46,0.023
Davis Cup WG1 PO: COL vs LUX,Clay,Stefanos Tsitsipas,45,0.0225
Davis Cup WG1 PO: COL vs LUX,Clay,Novak Djokovic,41,0.0205
Davis Cup WG1 PO: COL vs LUX,Clay,Matteo Berrettini,37,0.0185
Davis Cup WG1 PO: COL vs LUX,Clay,Francisco Cerundolo,36,0.018
Davis Cup WG1 PO: COL vs LUX,Clay,Carlos Alcaraz,36,0.018
Davis Cup WG1 PO: COL vs LUX,Clay,Felix Auger Aliassime,34,0.017
Davis Cup WG1 PO: COL vs LUX,Clay,Dusan Lajovic,26,0.013
Davis Cup WG1 PO: COL vs LUX,Clay,Nuno Borges,26,0.013
Davis Cup WG1 PO: COL vs LUX,Clay,Jakub Mensik,23,0.0115
Davis Cup WG1 PO: COL vs LUX,Clay,Quentin Halys,23,0.0115
Davis Cup WG1 PO: COL vs LUX,Clay,Facundo Bagnis,21,0.0105
Davis Cup WG1 PO: COL vs LUX,Clay,Billy Harris,21,0.0105
Davis Cup WG1 PO: COL vs LUX,Clay,Hubert Hurkacz,21,0.0105
Davis Cup WG1 PO: COL vs LUX,Clay,Mohamed Safwat,21,0.0105
Davis Cup WG1 PO: COL vs LUX,Clay,Iliyan Radulov,20,0.01
Davis Cup WG1 PO: COL vs LUX,Clay,Timofey Skatov,20,0.01
Davis Cup WG1 PO: COL vs LUX,Clay,Viktor Durasovic,20,0.01
Davis Cup WG1 PO: COL vs LUX,Clay,Zsombor Piros,20,0.01
Davis Cup WG1 PO: COL vs LUX,Clay,Marcelo Arevalo,19,0.0095
Davis Cup WG1 PO: COL vs LUX,Clay,Lukas Neumayer,19,0.0095
Davis Cup WG1 PO: COL vs LUX,Clay,Chris Rodesch,19,0.0095
Davis Cup WG1 PO: COL vs LUX,Clay,Giovanni Mpetshi Perricard,19,0.0095
Davis Cup WG1 PO: COL vs LUX,Clay,Lukas Pokorny,18,0.009
Davis Cup WG1 PO: COL vs LUX,Clay,Beibit Zhukayev,18,0.009
Davis Cup WG1 PO: COL vs LUX,Clay,Cezar Cretu,18,0.009
Davis Cup WG1 PO: COL vs LUX,Clay,Lorenzo Musetti,18,0.009
Davis Cup WG1 PO: COL vs LUX,Clay,Karen Khachanov,18,0.009
Davis Cup WG1 PO: COL vs LUX,Clay,Lucas Miedler,18,0.009
Davis Cup WG1 PO: COL vs LUX,Clay,Tommy Paul,18,0.009
Davis Cup WG1 PO: COL vs LUX,Clay,Jiri Lehecka,17,0.0085
Davis Cup WG1 PO: COL vs LUX,Clay,Thiago Monteiro,17,0.0085
Davis Cup WG1 PO: COL vs LUX,Clay,Gonzalo Escobar,17,0.0085
Davis Cup WG1 PO: COL vs LUX,Clay,Benedict Badza,17,0.0085
Davis Cup WG1 PO: COL vs LUX,Clay,Andrey Rublev,17,0.0085
Davis Cup WG1 PO: COL vs LUX,Clay,Grigor Dimitrov,17,0.0085
Davis Cup WG1 PO: COL vs LUX,Clay,Boris Arias,17,0.0085
Davis Cup WG1 PO: COL vs LUX,Clay,Tomas Martin Etcheverry,17,0.0085
Davis Cup WG1 PO: COL vs LUX,Clay,Liova Ayite Ajavon,17,0.0085
Davis Cup WG1 PO: COL vs LUX,Clay,Nerman Fatic,17,0.0085
Davis Cup WG1 PO: COL vs LUX,Clay,Tallon Griekspoor,17,0.0085
Davis Cup WG1 PO: COL vs LUX,Clay,Paul Jubb,17,0.0085
Davis Cup WG1 PO: COL vs LUX,Clay,Jack Loutit,16,0.008
Davis Cup WG1 PO: COL vs LUX,Clay,Juan Carlos Prado Angelo,16,0.008
Davis Cup WG1 PO: COL vs LUX,Clay,Oliver Ojakaar,16,0.008
Davis Cup WG1 PO: COL vs LUX,Clay,Marco Trungelliti,16,0.008
Davis Cup WG1 PO: COL vs LUX,Clay,Diego Duran,16,0.008
Davis Cup WG1 PO: COL vs LUX,Clay,Learner Tien,16,0.008
Davis Cup WG1 PO: COL vs LUX,Clay,Matteo Arnaldi,16,0.008
Davis Cup WG1 PO: COL vs LUX,Clay,Darian King,16,0.008
Davis Cup WG1 PO: COL vs LUX,Clay,Thiago Agustin Tirante,15,0.0075
Davis Cup WG1 PO: COL vs LUX,Clay,Michael Mmoh,15,0.0075
Davis Cup WG1 PO: COL vs LUX,Clay,Tomas Machac,15,0.0075
Davis Cup WG1 PO: COL vs LUX,Clay,Zizou Bergs,15,0.0075
Davis Cup WG1 PO: COL vs LUX,Clay,Martin Damm,15,0.0075
Davis Cup WG1 PO: COL vs LUX,Clay,Andres Andrade,15,0.0075
Davis Cup WG1 PO: COL vs LUX,Clay,Nam Hoang Ly,15,0.0075
Davis Cup WG1 PO: COL vs LUX,Clay,Stylianos Christodoulou,15,0.0075
Davis Cup WG1 PO: COL vs LUX,Clay,Vasek Pospisil,14,0.007
Davis Cup WG1 PO: COL vs LUX,Clay,Yanaki Milev,14,0.007
Davis Cup WG1 PO: COL vs LUX,Clay,Rafael Nadal,14,0.007
Davis Cup WG1 PO: COL vs LUX,Clay,Ioannis Xilas,14,0.007
Davis Cup WG1 PO: COL vs LUX,Clay,Henrique Rocha,14,0.007
Davis Cup WG1 PO: COL vs LUX,Clay,Gijs Brouwer,14,0.007
Davis Cup WG1 PO: COL vs LUX,Clay,Milos Raonic,14,0.007
Davis Cup WG1 PO: COL vs LUX,Clay,Thomas Yaka Kofi Setodji,14,0.007
Davis Cup WG1 PO: COL vs LUX,Clay,Roberto Carballes Baena,14,0.007
Davis Cup WG1 PO: COL vs LUX,Clay,Franco Roncadelli,13,0.0065
Davis Cup WG1 PO: COL vs LUX,Clay,Ricardas Berankis,13,0.0065
Davis Cup WG1 PO: COL vs LUX,Clay,Hugo Nys,13,0.0065
Davis Cup WG1 PO: COL vs LUX,Clay,Alex Molcan,13,0.0065
Davis Cup WG1 PO: COL vs LUX,Clay,Taylor Fritz,13,0.0065
Davis Cup WG1 PO: COL vs LUX,Clay,Pablo Llamas Ruiz,13,0.0065
Davis Cup WG1 PO: COL vs LUX,Clay,Coleman Wong,12,0.006
Davis Cup WG1 PO: COL vs LUX,Clay,Roberto Bautista Agut,11,0.0055
Davis Cup WG1 PO: COL vs LUX,Clay,Romain Arneodo,11,0.0055
Davis Cup WG1 PO: COL vs LUX,Clay,Niki Kaliyanda Poonacha,11,0.0055
Davis Cup WG1 PO: COL vs LUX,Clay,Jannik Sinner,11,0.0055
Davis Cup WG1 PO: COL vs LUX,Clay,Remy Bertola,11,0.0055
Davis Cup WG1 PO: COL vs LUX,Clay,Aleksandre Bakshi,11,0.0055
Davis Cup WG1 PO: COL vs LUX,Clay,Joao Fonseca,11,0.0055
Davis Cup WG1 PO: COL vs LUX,Clay,Cameron Norrie,10,0.005
Davis Cup WG1 PO: COL vs LUX,Clay,Nicolai Budkov Kjaer,10,0.005
Davis Cup WG1 PO: COL vs LUX,Clay,Yoshihito Nishioka,10,0.005
Davis Cup WG1 PO: COL vs LUX,Clay,Gabriel Diallo,10,0.005
Davis Cup WG1 PO: COL vs LUX,Clay,Holger Rune,10,0.005
Davis Cup WG1 PO: COL vs LUX,Clay,Hamad Medjedovic,10,0.005
Davis Cup WG1 PO: COL vs LUX,Clay,Alex De Minaur,10,0.005
Davis Cup WG1 PO: COL vs LUX,Clay,Demetris Azoides,10,0.005
Davis Cup WG1 PO: COL vs LUX,Clay,Alexander Bublik,10,0.005
Davis Cup WG1 PO: COL vs LUX,Clay,Martyn Pawelski,10,0.005
Davis Cup WG1 PO: COL vs LUX,Clay,Bu Yunchaokete,10,0.005
Davis Cup WG1 PO: COL vs LUX,Clay,Denis Shapovalov,10,0.005
Davis Cup WG1 PO: COL vs LUX,Clay,Fitriadi M Rifqi,10,0.005
Davis Cup WG1 PO: COL vs LUX,Clay,Hong Kit Jack Wong,10,0.005
Davis Cup WG1 PO: COL vs LUX,Clay,Altug Celikbilek,10,0.005
Davis Cup WG1 PO: COL vs LUX,Clay,Alex Knaff,10,0.005
Davis Cup WG1 PO: COL vs LUX,Clay,Alibek Kachmazov,10,0.005
Davis Cup WG1 PO: COL vs LUX,Clay,Blaise Bicknell,9,0.0045
Davis Cup WG1 PO: COL vs LUX,Clay,Gabi Adrian Boitan,9,0.0045
Davis Cup WG1 PO: COL vs LUX,Clay,Elmer Moller,9,0.0045
Davis Cup WG1 PO: COL vs LUX,Clay,Alejandro Davidovich Fokina,8,0.004
Davis Cup WG1 PO: COL vs LUX,Clay,Ben Shelton,8,0.004
Davis Cup WG1 PO: COL vs LUX,Clay,Frances Tiafoe,8,0.004
Davis Cup WG1 PO: COL vs LUX,Clay,Matej Dodig,8,0.004
Davis Cup WG1 PO: COL vs LUX,Clay,Alejandro Tabilo,8,0.004
Davis Cup WG1 PO: COL vs LUX,Clay,Pablo Carreno Busta,8,0.004
Davis Cup WG1 PO: COL vs LUX,Clay,Flavio Cobolli,8,0.004
Davis Cup WG1 PO: COL vs LUX,Clay,Kei Nishikori,8,0.004
Davis Cup WG1 PO: COL vs LUX,Clay,Reilly Opelka,8,0.004
Davis Cup WG1 PO: COL vs LUX,Clay,Alex Michelsen,8,0.004
Davis Cup WG1 PO: COL vs LUX,Clay,Brandon Nakashima,7,0.0035
Davis Cup WG1 PO: COL vs LUX,Clay,Marcos Giron,7,0.0035
Davis Cup WG1 PO: COL vs LUX,Clay,Ugo Humbert,7,0.0035
Davis Cup WG1 PO: COL vs LUX,Clay,Sebastian Korda,6,0.003
Davis Cup WG1 PO: COL vs LUX,Clay,Jack Draper,6,0.003
Davis Cup WG1 PO: COL vs LUX,Clay,David Goffin,6,0.003
Davis Cup WG1 PO: COL vs LUX,Clay,Jerome Kym,6,0.003
Davis Cup WG1 PO: COL vs LUX,Clay,Arthur Fils,5,0.0025
Davis Cup WG1 PO: COL vs LUX,Clay,Daniil Medvedev,5,0.0025
Davis Cup WG1 PO: COL vs LUX,Clay,Emil Ruusuvuori,5,0.0025
Davis Cup WG1 PO: COL vs LUX,Clay,Gael Monfils,4,0.002
Davis Cup WG1 PO: COL vs LUX,Clay,Jordan Thompson,3,0.0015
Davis Cup WG1 PO: COL vs LUX,Clay,Juncheng Shang,3,0.0015
Davis Cup WG1 PO: COL vs LUX,Clay,Alexei Popyrin,2,0.001
Hong Kong,Hard,Jannik Sinner,238,0.119
Hong Kong,Hard,Grigor Dimitrov,50,0.025
Hong Kong,Hard,Alexander Zverev,45,0.0225
Hong Kong,Hard,Ugo Humbert,41,0.0205
Hong Kong,Hard,Carlos Alcaraz,39,0.0195
Hong Kong,Hard,Holger Rune,34,0.017
Hong Kong,Hard,Jordan Thompson,32,0.016
Hong Kong,Hard,Alexei Popyrin,31,0.0155
Hong Kong,Hard,Daniil Medvedev,27,0.0135
Hong Kong,Hard,Karen Khachanov,25,0.0125
Hong Kong,Hard,Alex Michelsen,24,0.012
Hong Kong,Hard,Stylianos Christodoulou,22,0.011
Hong Kong,Hard,Nicolai Budkov Kjaer,22,0.011
Hong Kong,Hard,Frances Tiafoe,22,0.011
Hong Kong,Hard,Tomas Machac,22,0.011
Hong Kong,Hard,Kei Nishikori,22,0.011
Hong Kong,Hard,Marcelo Arevalo,21,0.0105
Hong Kong,Hard,Alex De Minaur,21,0.0105
Hong Kong,Hard,Andrey Rublev,21,0.0105
Hong Kong,Hard,Joao Fonseca,21,0.0105
Hong Kong,Hard,Learner Tien,20,0.01
Hong Kong,Hard,Emil Ruusuvuori,20,0.01
Hong Kong,Hard,Casper Ruud,20,0.01
Hong Kong,Hard,Jakub Mensik,19,0.0095
Hong Kong,Hard,Bu Yunchaokete,19,0.0095
Hong Kong,Hard,Juncheng Shang,19,0.0095
Hong Kong,Hard,Alejandro Davidovich Fokina,19,0.0095
Hong Kong,Hard,Jiri Lehecka,18,0.009
Hong Kong,Hard,Benedict Badza,18,0.009
Hong Kong,Hard,Lucas Miedler,18,0.009
Hong Kong,Hard,Sebastian Korda,17,0.0085
Hong Kong,Hard,Ben Shelton,17,0.0085
Hong Kong,Hard,Blaise Bicknell,16,0.008
Hong Kong,Hard,Hubert Hurkacz,16,0.008
Hong Kong,Hard,Remy Bertola,16,0.008
Hong Kong,Hard,Novak Djokovic,16,0.008
Hong Kong,Hard,Gonzalo Escobar,16,0.008
Hong Kong,Hard,Alibek Kachmazov,16,0.008
Hong Kong,Hard,Fitriadi M Rifqi,15,0.0075
Hong Kong,Hard,Tommy Paul,15,0.0075
Hong Kong,Hard,Vasek Pospisil,15,0.0075
Hong Kong,Hard,Arthur Fils,15,0.0075
Hong Kong,Hard,Matteo Arnaldi,15,0.0075
Hong Kong,Hard,Taylor Fritz,15,0.0075
Hong Kong,Hard,Cezar Cretu,14,0.007
Hong Kong,Hard,Gabi Adrian Boitan,14,0.007
Hong Kong,Hard,Denis Shapovalov,14,0.007
Hong Kong,Hard,Flavio Cobolli,14,0.007
Hong Kong,Hard,Elmer Moller,14,0.007
Hong Kong,Hard,Martyn Pawelski,14,0.007
Hong Kong,Hard,Viktor Durasovic,14,0.007
Hong Kong,Hard,Beibit Zhukayev,14,0.007
Hong Kong,Hard,Gael Monfils,14,0.007
Hong Kong,Hard,David Goffin,13,0.0065
Hong Kong,Hard,Marcos Giron,13,0.0065
Hong Kong,Hard,Coleman Wong,13,0.0065
Hong Kong,Hard,Pablo Carreno Busta,13,0.0065
Hong Kong,Hard,Jack Draper,13,0.0065
Hong Kong,Hard,Jerome Kym,13,0.0065
Hong Kong,Hard,Chris Rodesch,12,0.006
Hong Kong,Hard,Hamad Medjedovic,12,0.006
Hong Kong,Hard,Aleksandre Bakshi,12,0.006
Hong Kong,Hard,Hugo Nys,12,0.006
Hong Kong,Hard,Diego Duran,12,0.006
Hong Kong,Hard,Lukas Pokorny,12,0.006
Hong Kong,Hard,Ricardas Berankis,11,0.0055
Hong Kong,Hard,Juan Carlos Prado Angelo,11,0.0055
Hong Kong,Hard,Billy Harris,11,0.0055
Hong Kong,Hard,Lukas Neumayer,11,0.0055
Hong Kong,Hard,Liova Ayite Ajavon,11,0.0055
Hong Kong,Hard,Gabriel Diallo,11,0.0055
Hong Kong,Hard,Zizou Bergs,11,0.0055
Hong Kong,Hard,Marco Trungelliti,11,0.0055
Hong Kong,Hard,Roberto Carballes Baena,11,0.0055
Hong Kong,Hard,Matteo Berrettini,11,0.0055
Hong Kong,Hard,Romain Arneodo,11,0.0055
Hong Kong,Hard,Hong Kit Jack Wong,11,0.0055
Hong Kong,Hard,Cameron Norrie,11,0.0055
Hong Kong,Hard,Gijs Brouwer,11,0.0055
Hong Kong,Hard,Martin Damm,11,0.0055
Hong Kong,Hard,Michael Mmoh,10,0.005
Hong Kong,Hard,Thiago Agustin Tirante,10,0.005
Hong Kong,Hard,Facundo Bagnis,10,0.005
Hong Kong,Hard,Nerman Fatic,10,0.005
Hong Kong,Hard,Felix Auger Aliassime,10,0.005
Hong Kong,Hard,Brandon Nakashima,10,0.005
Hong Kong,Hard,Yanaki Milev,10,0.005
Hong Kong,Hard,Altug Celikbilek,10,0.005
Hong Kong,Hard,Alexander Bublik,10,0.005
Hong Kong,Hard,Boris Arias,10,0.005
Hong Kong,Hard,Pablo Llamas Ruiz,10,0.005
Hong Kong,Hard,Iliyan Radulov,10,0.005
Hong Kong,Hard,Ioannis Xilas,10,0.005
Hong Kong,Hard,Franco Roncadelli,9,0.0045
Hong Kong,Hard,Demetris Azoides,9,0.0045
Hong Kong,Hard,Zsombor Piros,9,0.0045
Hong Kong,Hard,Quentin Halys,9,0.0045
Hong Kong,Hard,Oliver Ojakaar,9,0.0045
Hong Kong,Hard,Paul Jubb,9,0.0045
Hong Kong,Hard,Timofey Skatov,8,0.004
Hong Kong,Hard,Roberto Bautista Agut,8,0.004
Hong Kong,Hard,Nuno Borges,8,0.004
Hong Kong,Hard,Matej Dodig,8,0.004
Hong Kong,Hard,Thomas Yaka Kofi Setodji,8,0.004
Hong Kong,Hard,Tomas Martin Etcheverry,8,0.004
Hong Kong,Hard,Rafael Nadal,8,0.004
Hong Kong,Hard,Alex Molcan,8,0.004
Hong Kong,Hard,Nam Hoang Ly,8,0.004
Hong Kong,Hard,Francisco Cerundolo,7,0.0035
Hong Kong,Hard,Stefanos Tsitsipas,7,0.0035
Hong Kong,Hard,Yoshihito Nishioka,7,0.0035
Hong Kong,Hard,Mohamed Safwat,7,0.0035
Hong Kong,Hard,Lorenzo Musetti,7,0.0035
Hong Kong,Hard,Jack Loutit,7,0.0035
Hong Kong,Hard,Niki Kaliyanda Poonacha,6,0.003
Hong Kong,Hard,Henrique Rocha,6,0.003
Hong Kong,Hard,Alex Knaff,6,0.003
Hong Kong,Hard,Alejandro Tabilo,6,0.003
Hong Kong,Hard,Tallon Griekspoor,6,0.003
Hong Kong,Hard,Andres Andrade,6,0.003
Hong Kong,Hard,Darian King,5,0.0025
Hong Kong,Hard,Milos Raonic,5,0.0025
Hong Kong,Hard,Giovanni Mpetshi Perricard,5,0.0025
Hong Kong,Hard,Dusan Lajovic,5,0.0025
Hong Kong,Hard,Thiago Monteiro,5,0.0025
Hong Kong,Hard,Reilly Opelka,5,0.0025
Hong Kong,Hard,Jan Lennard Struff,4,0.002
Hong Kong,Hard,Sebastian Baez,1,0.0005
Montpellier,Hard,Jannik Sinner,224,0.112
Montpellier,Hard,Grigor Dimitrov,49,0.0245
Montpellier,Hard,Alexei Popyrin,46,0.023
Montpellier,Hard,Alexander Zverev,39,0.0195
Montpellier,Hard,Ugo Humbert,36,0.018
Montpellier,Hard,Carlos Alcaraz,30,0.015
Montpellier,Hard,Karen Khachanov,29,0.0145
Montpellier,Hard,Taylor Fritz,27,0.0135
Montpellier,Hard,Holger Rune,26,0.013
Montpellier,Hard,Thomas Yaka Kofi Setodji,23,0.0115
Montpellier,Hard,Daniil Medvedev,23,0.0115
Montpellier,Hard,Jordan Thompson,22,0.011
Montpellier,Hard,Andrey Rublev,22,0.011
Montpellier,Hard,Jakub Mensik,22,0.011
Montpellier,Hard,Alex Michelsen,21,0.0105
Montpellier,Hard,Gael Monfils,21,0.0105
Montpellier,Hard,Alex De Minaur,21,0.0105
Montpellier,Hard,Zizou Bergs,21,0.0105
Montpellier,Hard,Viktor Durasovic,21,0.0105
Montpellier,Hard,Martin Damm,20,0.01
Montpellier,Hard,Beibit Zhukayev,19,0.0095
Montpellier,Hard,Pablo Carreno Busta,19,0.0095
Montpellier,Hard,Diego Duran,19,0.0095
Montpellier,Hard,Flavio Cobolli,19,0.0095
Montpellier,Hard,Ben Shelton,19,0.0095
Montpellier,Hard,Jack Draper,19,0.0095
Montpellier,Hard,David Goffin,19,0.0095
Montpellier,Hard,Tomas Machac,18,0.009
Montpellier,Hard,Jiri Lehecka,18,0.009
Montpellier,Hard,Cezar Cretu,18,0.009
Montpellier,Hard,Elmer Moller,18,0.009
Montpellier,Hard,Gabriel Diallo,17,0.0085
Montpellier,Hard,Oliver Ojakaar,17,0.0085
Montpellier,Hard,Alibek Kachmazov,17,0.0085
Montpellier,Hard,Novak Djokovic,17,0.0085
Montpellier,Hard,Altug Celikbilek,17,0.0085
Montpellier,Hard,Frances Tiafoe,17,0.0085
Montpellier,Hard,Stylianos Christodoulou,17,0.0085
Montpellier,Hard,Alexander Bublik,16,0.008
Montpellier,Hard,Iliyan Radulov,16,0.008
Montpellier,Hard,Alex Molcan,16,0.008
Montpellier,Hard,Mohamed Safwat,16,0.008
Montpellier,Hard,Jerome Kym,16,0.008
Montpellier,Hard,Lukas Pokorny,16,0.008
Montpellier,Hard,Hamad Medjedovic,16,0.008
Montpellier,Hard,Liova Ayite Ajavon,16,0.008
Montpellier,Hard,Juan Carlos Prado Angelo,15,0.0075
Montpellier,Hard,Henrique Rocha,15,0.0075
Montpellier,Hard,Learner Tien,14,0.007
Montpellier,Hard,Rafael Nadal,14,0.007
Montpellier,Hard,Gabi Adrian Boitan,14,0.007
Montpellier,Hard,Arthur Fils,14,0.007
Montpellier,Hard,Bu Yunchaokete,14,0.007
Montpellier,Hard,Alejandro Davidovich Fokina,14,0.007
Montpellier,Hard,Emil Ruusuvuori,14,0.007
Montpellier,Hard,Niki Kaliyanda Poonacha,14,0.007
Montpellier,Hard,Francisco Cerundolo,14,0.007
Montpellier,Hard,Alex Knaff,13,0.0065
Montpellier,Hard,Sebastian Korda,13,0.0065
Montpellier,Hard,Hubert Hurkacz,13,0.0065
Montpellier,Hard,Kei Nishikori,13,0.0065
Montpellier,Hard,Jack Loutit,13,0.0065
Montpellier,Hard,Yoshihito Nishioka,13,0.0065
Montpellier,Hard,Romain Arneodo,13,0.0065
Montpellier,Hard,Darian King,13,0.0065
Montpellier,Hard,Tommy Paul,12,0.006
Montpellier,Hard,Ioannis Xilas,12,0.006
Montpellier,Hard,Blaise Bicknell,12,0.006
Montpellier,Hard,Casper Ruud,12,0.006
Montpellier,Hard,Matej Dodig,11,0.0055
Montpellier,Hard,Timofey Skatov,11,0.0055
Montpellier,Hard,Remy Bertola,11,0.0055
Montpellier,Hard,Andres Andrade,11,0.0055
Montpellier,Hard,Boris Arias,11,0.0055
Montpellier,Hard,Demetris Azoides,11,0.0055
Montpellier,Hard,Marcelo Arevalo,11,0.0055
Montpellier,Hard,Tomas Martin Etcheverry,11,0.0055
Montpellier,Hard,Tallon Griekspoor,11,0.0055
Montpellier,Hard,Chris Rodesch,11,0.0055
Montpellier,Hard,Nerman Fatic,11,0.0055
Montpellier,Hard,Zsombor Piros,11,0.0055
Montpellier,Hard,Joao Fonseca,11,0.0055
Montpellier,Hard,Milos Raonic,11,0.0055
Montpellier,Hard,Brandon Nakashima,11,0.0055
Montpellier,Hard,Ricardas Berankis,11,0.0055
Montpellier,Hard,Billy Harris,11,0.0055
Montpellier,Hard,Marco Trungelliti,11,0.0055
Montpellier,Hard,Juncheng Shang,10,0.005
Montpellier,Hard,Gijs Brouwer,10,0.005
Montpellier,Hard,Aleksandre Bakshi,10,0.005
Montpellier,Hard,Hong Kit Jack Wong,10,0.005
Montpellier,Hard,Fitriadi M Rifqi,10,0.005
Montpellier,Hard,Michael Mmoh,10,0.005
Montpellier,Hard,Martyn Pawelski,10,0.005
Montpellier,Hard,Cameron Norrie,10,0.005
Montpellier,Hard,Marcos Giron,10,0.005
Montpellier,Hard,Gonzalo Escobar,10,0.005
Montpellier,Hard,Paul Jubb,9,0.0045
Montpellier,Hard,Roberto Bautista Agut,9,0.0045
Montpellier,Hard,Lukas Neumayer,9,0.0045
Montpellier,Hard,Denis Shapovalov,9,0.0045
Montpellier,Hard,Quentin Halys,9,0.0045
Montpellier,Hard,Pablo Llamas Ruiz,9,0.0045
Montpellier,Hard,Vasek Pospisil,9,0.0045
Montpellier,Hard,Stefanos Tsitsipas,9,0.0045
Montpellier,Hard,Nam Hoang Ly,9,0.0045
Montpellier,Hard,Franco Roncadelli,8,0.004
Montpellier,Hard,Hugo Nys,8,0.004
Montpellier,Hard,Nicolai Budkov Kjaer,8,0.004
Montpellier,Hard,Nuno Borges,7,0.0035
Montpellier,Hard,Matteo Arnaldi,7,0.0035
Montpellier,Hard,Thiago Agustin Tirante,7,0.0035
Montpellier,Hard,Facundo Bagnis,6,0.003
Montpellier,Hard,Yanaki Milev,6,0.003
Montpellier,Hard,Giovanni Mpetshi Perricard,6,0.003
Montpellier,Hard,Roberto Carballes Baena,6,0.003
Montpellier,Hard,Lucas Miedler,6,0.003
Montpellier,Hard,Reilly Opelka,6,0.003
Montpellier,Hard,Coleman Wong,6,0.003
Montpellier,Hard,Lorenzo Musetti,5,0.0025
Montpellier,Hard,Benedict Badza,5,0.0025
Montpellier,Hard,Dusan Lajovic,4,0.002
Montpellier,Hard,Felix Auger Aliassime,4,0.002
Montpellier,Hard,Matteo Berrettini,4,0.002
Montpellier,Hard,Thiago Monteiro,3,0.0015
Montpellier,Hard,Alejandro Tabilo,3,0.0015
Montpellier,Hard,Sebastian Baez,2,0.001
Montpellier,Hard,Jan Lennard Struff,1,0.0005
United Cup,Hard,Jannik Sinner,208,0.104
United Cup,Hard,Grigor Dimitrov,48,0.024
United Cup,Hard,Holger Rune,37,0.0185
United Cup,Hard,Daniil Medvedev,37,0.0185
United Cup,Hard,Carlos Alcaraz,36,0.018
United Cup,Hard,Alexander Zverev,33,0.0165
United Cup,Hard,Alex De Minaur,29,0.0145
United Cup,Hard,Ugo Humbert,28,0.014
United Cup,Hard,Alexei Popyrin,28,0.014
United Cup,Hard,Alex Michelsen,28,0.014
United Cup,Hard,Karen Khachanov,26,0.013
United Cup,Hard,Jack Draper,25,0.0125
United Cup,Hard,Taylor Fritz,25,0.0125
United Cup,Hard,Jiri Lehecka,25,0.0125
United Cup,Hard,Jordan Thompson,24,0.012
United Cup,Hard,Andrey Rublev,22,0.011
United Cup,Hard,Ricardas Berankis,22,0.011
United Cup,Hard,Joao Fonseca,22,0.011
United Cup,Hard,David Goffin,22,0.011
United Cup,Hard,Tommy Paul,22,0.011
United Cup,Hard,Frances Tiafoe,21,0.0105
United Cup,Hard,Benedict Badza,21,0.0105
United Cup,Hard,Tomas Machac,21,0.0105
United Cup,Hard,Alibek Kachmazov,19,0.0095
United Cup,Hard,Nam Hoang Ly,19,0.0095
United Cup,Hard,Alejandro Davidovich Fokina,19,0.0095
United Cup,Hard,Henrique Rocha,19,0.0095
United Cup,Hard,Matej Dodig,18,0.009
United Cup,Hard,Zizou Bergs,18,0.009
United Cup,Hard,Aleksandre Bakshi,18,0.009
United Cup,Hard,Gijs Brouwer,18,0.009
United Cup,Hard,Martyn Pawelski,17,0.0085
United Cup,Hard,Novak Djokovic,17,0.0085
United Cup,Hard,Lucas Miedler,17,0.0085
United Cup,Hard,Alex Molcan,17,0.0085
United Cup,Hard,Pablo Carreno Busta,16,0.008
United Cup,Hard,Alex Knaff,16,0.008
United Cup,Hard,Sebastian Korda,16,0.008
United Cup,Hard,Kei Nishikori,16,0.008
United Cup,Hard,Flavio Cobolli,16,0.008
United Cup,Hard,Marcelo Arevalo,15,0.0075
United Cup,Hard,Gabriel Diallo,15,0.0075
United Cup,Hard,Bu Yunchaokete,15,0.0075
United Cup,Hard,Matteo Arnaldi,15,0.0075
United Cup,Hard,Paul Jubb,15,0.0075
United Cup,Hard,Jakub Mensik,15,0.0075
United Cup,Hard,Ben Shelton,14,0.007
United Cup,Hard,Beibit Zhukayev,14,0.007
United Cup,Hard,Michael Mmoh,14,0.007
United Cup,Hard,Alexander Bublik,14,0.007
United Cup,Hard,Nerman Fatic,14,0.007
United Cup,Hard,Thomas Yaka Kofi Setodji,14,0.007
United Cup,Hard,Gonzalo Escobar,14,0.007
United Cup,Hard,Darian King,14,0.007
United Cup,Hard,Emil Ruusuvuori,13,0.0065
United Cup,Hard,Marco Trungelliti,13,0.0065
United Cup,Hard,Oliver Ojakaar,13,0.0065
United Cup,Hard,Gael Monfils,13,0.0065
United Cup,Hard,Roberto Bautista Agut,13,0.0065
United Cup,Hard,Altug Celikbilek,13,0.0065
United Cup,Hard,Diego Duran,13,0.0065
United Cup,Hard,Roberto Carballes Baena,13,0.0065
United Cup,Hard,Hamad Medjedovic,13,0.0065
United Cup,Hard,Yanaki Milev,12,0.006
United Cup,Hard,Demetris Azoides,12,0.006
United Cup,Hard,Thiago Agustin Tirante,12,0.006
United Cup,Hard,Stefanos Tsitsipas,12,0.006
United Cup,Hard,Rafael Nadal,12,0.006
United Cup,Hard,Brandon Nakashima,12,0.006
United Cup,Hard,Vasek Pospisil,12,0.006
United Cup,Hard,Gabi Adrian Boitan,12,0.006
United Cup,Hard,Nicolai Budkov Kjaer,12,0.006
United Cup,Hard,Ioannis Xilas,12,0.006
United Cup,Hard,Blaise Bicknell,12,0.006
United Cup,Hard,Jack Loutit,12,0.006
United Cup,Hard,Yoshihito Nishioka,12,0.006
United Cup,Hard,Fitriadi M Rifqi,11,0.0055
United Cup,Hard,Cameron Norrie,11,0.0055
United Cup,Hard,Franco Roncadelli,11,0.0055
United Cup,Hard,Andres Andrade,11,0.0055
United Cup,Hard,Denis Shapovalov,11,0.0055
United Cup,Hard,Milos Raonic,11,0.0055
United Cup,Hard,Casper Ruud,11,0.0055
United Cup,Hard,Cezar Cretu,11,0.0055
United Cup,Hard,Hong Kit Jack Wong,11,0.0055
United Cup,Hard,Pablo Llamas Ruiz,11,0.0055
United Cup,Hard,Iliyan Radulov,11,0.0055
United Cup,Hard,Tomas Martin Etcheverry,10,0.005
United Cup,Hard,Thiago Monteiro,10,0.005
United Cup,Hard,Elmer Moller,10,0.005
United Cup,Hard,Learner Tien,10,0.005
United Cup,Hard,Nuno Borges,10,0.005
United Cup,Hard,Hubert Hurkacz,10,0.005
United Cup,Hard,Reilly Opelka,10,0.005
United Cup,Hard,Boris Arias,9,0.0045
United Cup,Hard,Zsombor Piros,9,0.0045
United Cup,Hard,Viktor Durasovic,9,0.0045
United Cup,Hard,Hugo Nys,9,0.0045
United Cup,Hard,Stylianos Christodoulou,9,0.0045
United Cup,Hard,Lukas Neumayer,9,0.0045
United Cup,Hard,Marcos Giron,9,0.0045
United Cup,Hard,Jerome Kym,9,0.0045
United Cup,Hard,Juncheng Shang,9,0.0045
United Cup,Hard,Mohamed Safwat,8,0.004
United Cup,Hard,Romain Arneodo,8,0.004
United Cup,Hard,Chris Rodesch,8,0.004
United Cup,Hard,Arthur Fils,8,0.004
United Cup,Hard,Remy Bertola,8,0.004
United Cup,Hard,Dusan Lajovic,8,0.004
United Cup,Hard,Francisco Cerundolo,7,0.0035
United Cup,Hard,Martin Damm,7,0.0035
United Cup,Hard,Quentin Halys,7,0.0035
United Cup,Hard,Coleman Wong,7,0.0035
United Cup,Hard,Billy Harris,7,0.0035
United Cup,Hard,Niki Kaliyanda Poonacha,7,0.0035
United Cup,Hard,Timofey Skatov,6,0.003
United Cup,Hard,Juan Carlos Prado Angelo,6,0.003
United Cup,Hard,Tallon Griekspoor,5,0.0025
United Cup,Hard,Liova Ayite Ajavon,5,0.0025
United Cup,Hard,Lukas Pokorny,5,0.0025
United Cup,Hard,Matteo Berrettini,5,0.0025
United Cup,Hard,Facundo Bagnis,5,0.0025
United Cup,Hard,Alejandro Tabilo,4,0.002
United Cup,Hard,Felix Auger Aliassime,4,0.002
United Cup,Hard,Giovanni Mpetshi Perricard,4,0.002
United Cup,Hard,Sebastian Baez,3,0.0015
United Cup,Hard,Jan Lennard Struff,3,0.0015
United Cup,Hard,Lorenzo Musetti,2,0.001
